VialID	box	rack	run	vials	atac	timecoursev2	run_real	POP	thaw_date	p3_date	lib_prep__date	p3_experimenter	lib_prep__experimenter	ash_num	index	COND	well	lib_1	lib_2	TP	IID	Age	Gender
AFB034			15			FALSE	15	AFB	181021	191021	201021	ABYA	ABYA			COV	B3	128	132	T6	AFB034	28	M
AFB034			15			FALSE	15	AFB	181021	191021	201021	ABYA	ABYA			IAV	B3	127	131	T6	AFB034	28	M
AFB034			15			FALSE	15	AFB	181021	191021	201021	ABYA	ABYA			NS	B3	129	133	T6	AFB034	28	M
AFB037			15			FALSE	15	AFB	181021	191021	201021	ABYA	ABYA			COV	B5	129	133	T6	AFB037	47	M
AFB037			15			FALSE	15	AFB	181021	191021	201021	ABYA	ABYA			IAV	B5	128	132	T6	AFB037	47	M
AFB037			15			FALSE	15	AFB	181021	191021	201021	ABYA	ABYA			NS	B5	130	134	T6	AFB037	47	M
AFB048			15			FALSE	15	AFB	181021	191021	201021	ABYA	ABYA			COV	B7	130	134	T6	AFB048	29	M
AFB048			15			FALSE	15	AFB	181021	191021	201021	ABYA	ABYA			IAV	B7	129	133	T6	AFB048	29	M
AFB048			15			FALSE	15	AFB	181021	191021	201021	ABYA	ABYA			NS	B7	127	131	T6	AFB048	29	M
AFB102			15			FALSE	15	AFB	181021	191021	201021	ABYA	ABYA			COV	B9	127	131	T6	AFB102	28	M
AFB102			15			FALSE	15	AFB	181021	191021	201021	ABYA	ABYA			IAV	B9	130	134	T6	AFB102	28	M
AFB102			15			FALSE	15	AFB	181021	191021	201021	ABYA	ABYA			NS	B9	128	132	T6	AFB102	28	M
EUB116			15			FALSE	15	EUB	181021	191021	201021	ABYA	ABYA			COV	D3	128	132	T6	EUB116	47	M
EUB116			15			FALSE	15	EUB	181021	191021	201021	ABYA	ABYA			IAV	D3	127	131	T6	EUB116	47	M
EUB116			15			FALSE	15	EUB	181021	191021	201021	ABYA	ABYA			NS	D3	129	133	T6	EUB116	47	M
EUB156			15			FALSE	15	EUB	181021	191021	201021	ABYA	ABYA			COV	D5	129	133	T6	EUB156	36	M
EUB156			15			FALSE	15	EUB	181021	191021	201021	ABYA	ABYA			IAV	D5	128	132	T6	EUB156	36	M
EUB156			15			FALSE	15	EUB	181021	191021	201021	ABYA	ABYA			NS	D5	130	134	T6	EUB156	36	M
EUB158			15			FALSE	15	EUB	181021	191021	201021	ABYA	ABYA			COV	D7	130	134	T6	EUB158	24	M
EUB158			15			FALSE	15	EUB	181021	191021	201021	ABYA	ABYA			IAV	D7	129	133	T6	EUB158	24	M
EUB158			15			FALSE	15	EUB	181021	191021	201021	ABYA	ABYA			NS	D7	127	131	T6	EUB158	24	M
EUB198			15			FALSE	15	EUB	181021	191021	201021	ABYA	ABYA			COV	D9	127	131	T6	EUB198	33	M
EUB198			15			FALSE	15	EUB	181021	191021	201021	ABYA	ABYA			IAV	D9	130	134	T6	EUB198	33	M
EUB198			15			FALSE	15	EUB	181021	191021	201021	ABYA	ABYA			NS	D9	128	132	T6	EUB198	33	M
ASH013			15			FALSE	15	ASH	181021	191021	201021	ABYA	ABYA			COV	F3	128	132	T6	ASH013	26	F
ASH013			15			FALSE	15	ASH	181021	191021	201021	ABYA	ABYA			IAV	F3	127	131	T6	ASH013	26	F
ASH013			15			FALSE	15	ASH	181021	191021	201021	ABYA	ABYA			NS	F3	129	133	T6	ASH013	26	F
ASH026			15			FALSE	15	ASH	181021	191021	201021	ABYA	ABYA			COV	F5	129	133	T6	ASH026	19	M
ASH026			15			FALSE	15	ASH	181021	191021	201021	ABYA	ABYA			IAV	F5	128	132	T6	ASH026	19	M
ASH026			15			FALSE	15	ASH	181021	191021	201021	ABYA	ABYA			NS	F5	130	134	T6	ASH026	19	M
ASH031			15			FALSE	15	ASH	181021	191021	201021	ABYA	ABYA			COV	F7	130	134	T6	ASH031	44	F
ASH031			15			FALSE	15	ASH	181021	191021	201021	ABYA	ABYA			IAV	F7	129	133	T6	ASH031	44	F
ASH031			15			FALSE	15	ASH	181021	191021	201021	ABYA	ABYA			NS	F7	127	131	T6	ASH031	44	F
ASH038			15			FALSE	15	ASH	181021	191021	201021	ABYA	ABYA			COV	F9	127	131	T6	ASH038	57	M
ASH038			15			FALSE	15	ASH	181021	191021	201021	ABYA	ABYA			IAV	F9	130	134	T6	ASH038	57	M
ASH038			15			FALSE	15	ASH	181021	191021	201021	ABYA	ABYA			NS	F9	128	132	T6	ASH038	57	M
ASH050			15			FALSE	15	ASH	181021	191021	201021	ABYA	ABYA			COV	H3	128	132	T6	ASH050	57	M
ASH050			15			FALSE	15	ASH	181021	191021	201021	ABYA	ABYA			IAV	H3	127	131	T6	ASH050	57	M
ASH050			15			FALSE	15	ASH	181021	191021	201021	ABYA	ABYA			NS	H3	129	133	T6	ASH050	57	M
ASH052			15			FALSE	15	ASH	181021	191021	201021	ABYA	ABYA			COV	H5	129	133	T6	ASH052	23	F
ASH052			15			FALSE	15	ASH	181021	191021	201021	ABYA	ABYA			IAV	H5	128	132	T6	ASH052	23	F
ASH052			15			FALSE	15	ASH	181021	191021	201021	ABYA	ABYA			NS	H5	130	134	T6	ASH052	23	F
ASH054			15			FALSE	15	ASH	181021	191021	201021	ABYA	ABYA			COV	H7	130	134	T6	ASH054	34	F
ASH054			15			FALSE	15	ASH	181021	191021	201021	ABYA	ABYA			IAV	H7	129	133	T6	ASH054	34	F
ASH054			15			FALSE	15	ASH	181021	191021	201021	ABYA	ABYA			NS	H7	127	131	T6	ASH054	34	F
ASH056			15			FALSE	15	ASH	181021	191021	201021	ABYA	ABYA			COV	H9	127	131	T6	ASH056	27	F
ASH056			15			FALSE	15	ASH	181021	191021	201021	ABYA	ABYA			IAV	H9	130	134	T6	ASH056	27	F
ASH056			15			FALSE	15	ASH	181021	191021	201021	ABYA	ABYA			NS	H9	128	132	T6	ASH056	27	F
13	Buffy	Buffy	3	2	FALSE	FALSE	3	ASH	120421	130421	150421	ABYA	ZL	13	1	COV	B3	18	22	T6	ASH001	51	M
13	Buffy	Buffy	3	2	FALSE	FALSE	3	ASH	120421	130421	150421	ABYA	ZL	13	1	IAV	B3	17	21	T6	ASH001	51	M
13	Buffy	Buffy	3	2	FALSE	FALSE	3	ASH	120421	130421	150421	ABYA	ZL	13	1	NS	B3	19	23	T6	ASH001	51	M
14	Buffy	Buffy	3	1	FALSE	FALSE	3	ASH	120421	130421	150421	ABYA	ZL	14	2	COV	B5	19	23	T6	ASH002	41	M
14	Buffy	Buffy	3	1	FALSE	FALSE	3	ASH	120421	130421	150421	ABYA	ZL	14	2	IAV	B5	18	22	T6	ASH002	41	M
14	Buffy	Buffy	3	1	FALSE	FALSE	3	ASH	120421	130421	150421	ABYA	ZL	14	2	NS	B5	20	24	T6	ASH002	41	M
147o	Buffy	Buffy	13	2	FALSE	FALSE	13	ASH	180521	190521	200521	ABYA	YA		1	COV	B3	98	102	T6	ASH008	54	F
147o	Buffy	Buffy	13	2	FALSE	FALSE	13	ASH	180521	190521	200521	ABYA	YA		1	IAV	B3	97	101	T6	ASH008	54	F
147o	Buffy	Buffy	13	2	FALSE	FALSE	13	ASH	180521	190521	200521	ABYA	YA		1	NS	B3	99	103	T6	ASH008	54	F
147y	Buffy	Buffy	14	2	FALSE	FALSE	14	ASH	310521	10621	20621	ABYA	ZL		5	COV	B3	106	110	T6	ASH009	27	F
147y	Buffy	Buffy	14	2	FALSE	FALSE	14	ASH	310521	10621	20621	ABYA	ZL		5	IAV	B3	105	109	T6	ASH009	27	F
147y	Buffy	Buffy	14	2	FALSE	FALSE	14	ASH	310521	10621	20621	ABYA	ZL		5	NS	B3	107	111	T6	ASH009	27	F
149	Buffy	Buffy	3	3	FALSE	FALSE	3	ASH	120421	130421	150421	ABYA	ZL	149	4	COV	B9	17	21	T6	ASH010	33	F
149	Buffy	Buffy	3	3	FALSE	FALSE	3	ASH	120421	130421	150421	ABYA	ZL	149	4	IAV	B9	20	24	T6	ASH010	33	F
149	Buffy	Buffy	3	3	FALSE	FALSE	3	ASH	120421	130421	150421	ABYA	ZL	149	4	NS	B9	18	22	T6	ASH010	33	F
174	Buffy	Buffy	6	2	FALSE	FALSE	5	ASH	200421	210421	220421	ABYA	YA	402	2	COV	B5	35	39	T6	ASH011	63	F
174	Buffy	Buffy	6	2	FALSE	FALSE	5	ASH	200421	210421	220421	ABYA	YA	402	2	IAV	B5	34	38	T6	ASH011	63	F
174	Buffy	Buffy	6	2	FALSE	FALSE	5	ASH	200421	210421	220421	ABYA	YA	402	2	NS	B5	36	40	T6	ASH011	63	F
229	Buffy	Buffy	7	2	FALSE	FALSE	8	ASH	260421	270421	290421	ABYA	ZL	174	1	COV	B3	58	62	T6	ASH012	33	M
229	Buffy	Buffy	7	2	FALSE	FALSE	8	ASH	260421	270421	290421	ABYA	ZL	174	1	IAV	B3	57	61	T6	ASH012	33	M
229	Buffy	Buffy	7	2	FALSE	FALSE	8	ASH	260421	270421	290421	ABYA	ZL	174	1	NS	B3	59	63	T6	ASH012	33	M
24	Buffy	Buffy	6	2	FALSE	FALSE	5	ASH	200421	210421	220421	ABYA	YA	24	1	COV	B3	34	38	T6	ASH003	19	M
24	Buffy	Buffy	6	2	FALSE	FALSE	5	ASH	200421	210421	220421	ABYA	YA	24	1	IAV	B3	33	37	T6	ASH003	19	M
24	Buffy	Buffy	6	2	FALSE	FALSE	5	ASH	200421	210421	220421	ABYA	YA	24	1	NS	B3	35	39	T6	ASH003	19	M
241	Buffy	Buffy	7	1	FALSE	FALSE	8	ASH	260421	270421	290421	ABYA	ZL	229	2	COV	B5	59	63	T6	ASH013	26	F
241	Buffy	Buffy	7	1	FALSE	FALSE	8	ASH	260421	270421	290421	ABYA	ZL	229	2	IAV	B5	58	62	T6	ASH013	26	F
241	Buffy	Buffy	7	1	FALSE	FALSE	8	ASH	260421	270421	290421	ABYA	ZL	229	2	NS	B5	60	64	T6	ASH013	26	F
245	Buffy	Buffy	7	2	FALSE	FALSE	8	ASH	260421	270421	290421	ABYA	ZL	241	3	COV	B7	60	64	T6	ASH014	31	M
245	Buffy	Buffy	7	2	FALSE	FALSE	8	ASH	260421	270421	290421	ABYA	ZL	241	3	IAV	B7	59	63	T6	ASH014	31	M
245	Buffy	Buffy	7	2	FALSE	FALSE	8	ASH	260421	270421	290421	ABYA	ZL	241	3	NS	B7	57	61	T6	ASH014	31	M
316	Buffy	Buffy	11	2	FALSE	FALSE	12	ASH	100521	110521	130521	ABYA	YA	316	1	COV	B3	90	94	T6	ASH015	40	M
316	Buffy	Buffy	11	2	FALSE	FALSE	12	ASH	100521	110521	130521	ABYA	YA	316	1	IAV	B3	89	93	T6	ASH015	40	M
316	Buffy	Buffy	11	2	FALSE	FALSE	12	ASH	100521	110521	130521	ABYA	YA	316	1	NS	B3	91	95	T6	ASH015	40	M
349	Buffy	Buffy	3	2	FALSE	FALSE	3	ASH	120421	130421	150421	ABYA	ZL	349	5	COV	D3	18	22	T6	ASH016	64	M
349	Buffy	Buffy	3	2	FALSE	FALSE	3	ASH	120421	130421	150421	ABYA	ZL	349	5	IAV	D3	17	21	T6	ASH016	64	M
349	Buffy	Buffy	3	2	FALSE	FALSE	3	ASH	120421	130421	150421	ABYA	ZL	349	5	NS	D3	19	23	T6	ASH016	64	M
350	Buffy	Buffy	5	2	FALSE	FALSE	4	ASH	190421	200421	220421	ABYA	ZL	350	2	COV	B5	27	31	T6	ASH017	41	M
350	Buffy	Buffy	5	2	FALSE	FALSE	4	ASH	190421	200421	220421	ABYA	ZL	350	2	IAV	B5	26	30	T6	ASH017	41	M
350	Buffy	Buffy	5	2	FALSE	FALSE	4	ASH	190421	200421	220421	ABYA	ZL	350	2	NS	B5	28	32	T6	ASH017	41	M
358	Buffy	Buffy	9	1	FALSE	FALSE	9	ASH	30521	40521	60521	ABYA	ZL	358	1	COV	B3	66	70	T6	ASH018	43	M
358	Buffy	Buffy	9	1	FALSE	FALSE	9	ASH	30521	40521	60521	ABYA	ZL	358	1	IAV	B3	65	69	T6	ASH018	43	M
358	Buffy	Buffy	9	1	FALSE	FALSE	9	ASH	30521	40521	60521	ABYA	ZL	358	1	NS	B3	67	71	T6	ASH018	43	M
368	Buffy	Buffy	5	2	FALSE	FALSE	4	ASH	190421	200421	220421	ABYA	ZL	368	3	COV	B7	28	32	T6	ASH019	47	F
368	Buffy	Buffy	5	2	FALSE	FALSE	4	ASH	190421	200421	220421	ABYA	ZL	368	3	IAV	B7	27	31	T6	ASH019	47	F
368	Buffy	Buffy	5	2	FALSE	FALSE	4	ASH	190421	200421	220421	ABYA	ZL	368	3	NS	B7	25	29	T6	ASH019	47	F
402	Buffy	Buffy	6	1	FALSE	FALSE	5	ASH	200421	210421	220421	ABYA	YA	496	3	COV	B7	36	40	T6	ASH020	28	F
402	Buffy	Buffy	6	1	FALSE	FALSE	5	ASH	200421	210421	220421	ABYA	YA	496	3	IAV	B7	35	39	T6	ASH020	28	F
402	Buffy	Buffy	6	1	FALSE	FALSE	5	ASH	200421	210421	220421	ABYA	YA	496	3	NS	B7	33	37	T6	ASH020	28	F
446	Buffy	Buffy	3	3	FALSE	FALSE	3	ASH	120421	130421	150421	ABYA	ZL	446	6	COV	D5	19	23	T6	ASH021	28	F
446	Buffy	Buffy	3	3	FALSE	FALSE	3	ASH	120421	130421	150421	ABYA	ZL	446	6	IAV	D5	18	22	T6	ASH021	28	F
446	Buffy	Buffy	3	3	FALSE	FALSE	3	ASH	120421	130421	150421	ABYA	ZL	446	6	NS	D5	20	24	T6	ASH021	28	F
465	Buffy	Buffy	14	2	FALSE	FALSE	14	ASH	310521	10621	20621	ABYA	ZL	465	1	COV	B3	107	111	T6	ASH022	49	M
465	Buffy	Buffy	14	2	FALSE	FALSE	14	ASH	310521	10621	20621	ABYA	ZL	465	1	IAV	B3	106	110	T6	ASH022	49	M
465	Buffy	Buffy	14	2	FALSE	FALSE	14	ASH	310521	10621	20621	ABYA	ZL	465	1	NS	B3	108	112	T6	ASH022	49	M
467	Buffy	Buffy	14	2	FALSE	FALSE	14	ASH	310521	10621	20621	ABYA	ZL	467	2	COV	B5	108	112	T6	ASH023	55	F
467	Buffy	Buffy	14	2	FALSE	FALSE	14	ASH	310521	10621	20621	ABYA	ZL	467	2	IAV	B5	107	111	T6	ASH023	55	F
467	Buffy	Buffy	14	2	FALSE	FALSE	14	ASH	310521	10621	20621	ABYA	ZL	467	2	NS	B5	105	109	T6	ASH023	55	F
476	Buffy	Buffy	10	1	FALSE	FALSE	10	ASH	40521	50521	60521	ABYA	YA	476	3	COV	B7	76	80	T6	ASH024	19	F
476	Buffy	Buffy	10	1	FALSE	FALSE	10	ASH	40521	50521	60521	ABYA	YA	476	3	IAV	B7	75	79	T6	ASH024	19	F
476	Buffy	Buffy	10	1	FALSE	FALSE	10	ASH	40521	50521	60521	ABYA	YA	476	3	NS	B7	73	77	T6	ASH024	19	F
49	Buffy	Buffy	10	1	FALSE	FALSE	10	ASH	40521	50521	60521	ABYA	YA	49	1	COV	B3	74	78	T6	ASH004	47	M
49	Buffy	Buffy	10	1	FALSE	FALSE	10	ASH	40521	50521	60521	ABYA	YA	49	1	IAV	B3	73	77	T6	ASH004	47	M
49	Buffy	Buffy	10	1	FALSE	FALSE	10	ASH	40521	50521	60521	ABYA	YA	49	1	NS	B3	75	79	T6	ASH004	47	M
492	Buffy	Buffy	5	1	FALSE	FALSE	4	ASH	190421	200421	220421	ABYA	ZL	492	4	COV	B9	25	29	T6	ASH025	51	M
492	Buffy	Buffy	5	1	FALSE	FALSE	4	ASH	190421	200421	220421	ABYA	ZL	492	4	IAV	B9	28	32	T6	ASH025	51	M
492	Buffy	Buffy	5	1	FALSE	FALSE	4	ASH	190421	200421	220421	ABYA	ZL	492	4	NS	B9	26	30	T6	ASH025	51	M
493	Buffy	Buffy	5	2	FALSE	FALSE	4	ASH	190421	200421	220421	ABYA	ZL	493	5	COV	D3	26	30	T6	ASH026	19	M
493	Buffy	Buffy	5	2	FALSE	FALSE	4	ASH	190421	200421	220421	ABYA	ZL	493	5	IAV	D3	25	29	T6	ASH026	19	M
493	Buffy	Buffy	5	2	FALSE	FALSE	4	ASH	190421	200421	220421	ABYA	ZL	493	5	NS	D3	27	31	T6	ASH026	19	M
496	Buffy	Buffy	7	2	FALSE	FALSE	8	ASH	260421	270421	290421	ABYA	ZL	245	4	COV	B9	57	61	T6	ASH027	51	F
496	Buffy	Buffy	7	2	FALSE	FALSE	8	ASH	260421	270421	290421	ABYA	ZL	245	4	IAV	B9	60	64	T6	ASH027	51	F
496	Buffy	Buffy	7	2	FALSE	FALSE	8	ASH	260421	270421	290421	ABYA	ZL	245	4	NS	B9	58	62	T6	ASH027	51	F
504	Buffy	Buffy	5	1	FALSE	FALSE	4	ASH	190421	200421	220421	ABYA	ZL	504	6	COV	D5	27	31	T6	ASH028	34	F
504	Buffy	Buffy	5	1	FALSE	FALSE	4	ASH	190421	200421	220421	ABYA	ZL	504	6	IAV	D5	26	30	T6	ASH028	34	F
504	Buffy	Buffy	5	1	FALSE	FALSE	4	ASH	190421	200421	220421	ABYA	ZL	504	6	NS	D5	28	32	T6	ASH028	34	F
51	Buffy	Buffy	3	2	FALSE	FALSE	3	ASH	120421	130421	150421	ABYA	ZL	51	3	COV	B7	20	24	T6	ASH005	23	F
51	Buffy	Buffy	3	2	FALSE	FALSE	3	ASH	120421	130421	150421	ABYA	ZL	51	3	IAV	B7	19	23	T6	ASH005	23	F
51	Buffy	Buffy	3	2	FALSE	FALSE	3	ASH	120421	130421	150421	ABYA	ZL	51	3	NS	B7	17	21	T6	ASH005	23	F
510	Buffy	Buffy	5	2	FALSE	FALSE	4	ASH	190421	200421	220421	ABYA	ZL	510	7	COV	D7	28	32	T6	ASH029	50	F
510	Buffy	Buffy	5	2	FALSE	FALSE	4	ASH	190421	200421	220421	ABYA	ZL	510	7	IAV	D7	27	31	T6	ASH029	50	F
510	Buffy	Buffy	5	2	FALSE	FALSE	4	ASH	190421	200421	220421	ABYA	ZL	510	7	NS	D7	25	29	T6	ASH029	50	F
512	Buffy	Buffy	7	1	FALSE	FALSE	8	ASH	260421	270421	290421	ABYA	ZL	512	5	COV	D3	58	62	T6	ASH030	35	M
512	Buffy	Buffy	7	1	FALSE	FALSE	8	ASH	260421	270421	290421	ABYA	ZL	512	5	IAV	D3	57	61	T6	ASH030	35	M
512	Buffy	Buffy	7	1	FALSE	FALSE	8	ASH	260421	270421	290421	ABYA	ZL	512	5	NS	D3	59	63	T6	ASH030	35	M
517	Buffy	Buffy	9	2	FALSE	FALSE	9	ASH	30521	40521	60521	ABYA	ZL	517	2	COV	B5	67	71	T6	ASH031	44	F
517	Buffy	Buffy	9	2	FALSE	FALSE	9	ASH	30521	40521	60521	ABYA	ZL	517	2	IAV	B5	66	70	T6	ASH031	44	F
517	Buffy	Buffy	9	2	FALSE	FALSE	9	ASH	30521	40521	60521	ABYA	ZL	517	2	NS	B5	68	72	T6	ASH031	44	F
526	Buffy	Buffy	9	2	FALSE	FALSE	9	ASH	30521	40521	60521	ABYA	ZL	526	3	COV	B7	68	72	T6	ASH032	49	F
526	Buffy	Buffy	9	2	FALSE	FALSE	9	ASH	30521	40521	60521	ABYA	ZL	526	3	IAV	B7	67	71	T6	ASH032	49	F
526	Buffy	Buffy	9	2	FALSE	FALSE	9	ASH	30521	40521	60521	ABYA	ZL	526	3	NS	B7	65	69	T6	ASH032	49	F
53	Buffy	Buffy	10	2	FALSE	FALSE	10	ASH	40521	50521	60521	ABYA	YA	53	2	COV	B5	75	79	T6	ASH006	52	M
53	Buffy	Buffy	10	2	FALSE	FALSE	10	ASH	40521	50521	60521	ABYA	YA	53	2	IAV	B5	74	78	T6	ASH006	52	M
53	Buffy	Buffy	10	2	FALSE	FALSE	10	ASH	40521	50521	60521	ABYA	YA	53	2	NS	B5	76	80	T6	ASH006	52	M
55	Buffy	Buffy	5	1	FALSE	FALSE	4	ASH	190421	200421	220421	ABYA	ZL	55	1	COV	B3	26	30	T6	ASH007	45	F
55	Buffy	Buffy	5	1	FALSE	FALSE	4	ASH	190421	200421	220421	ABYA	ZL	55	1	IAV	B3	25	29	T6	ASH007	45	F
55	Buffy	Buffy	5	1	FALSE	FALSE	4	ASH	190421	200421	220421	ABYA	ZL	55	1	NS	B3	27	31	T6	ASH007	45	F
583	Buffy	Buffy	9	1	FALSE	FALSE	9	ASH	30521	40521	60521	ABYA	ZL	583	4	COV	B9	65	69	T6	ASH033	26	F
583	Buffy	Buffy	9	1	FALSE	FALSE	9	ASH	30521	40521	60521	ABYA	ZL	583	4	IAV	B9	68	72	T6	ASH033	26	F
583	Buffy	Buffy	9	1	FALSE	FALSE	9	ASH	30521	40521	60521	ABYA	ZL	583	4	NS	B9	66	70	T6	ASH033	26	F
584	Buffy	Buffy	3	3	FALSE	FALSE	3	ASH	120421	130421	150421	ABYA	ZL	584	7	COV	D7	20	24	T6	ASH034	42	F
584	Buffy	Buffy	3	3	FALSE	FALSE	3	ASH	120421	130421	150421	ABYA	ZL	584	7	IAV	D7	19	23	T6	ASH034	42	F
584	Buffy	Buffy	3	3	FALSE	FALSE	3	ASH	120421	130421	150421	ABYA	ZL	584	7	NS	D7	17	21	T6	ASH034	42	F
656	Buffy	Buffy	7	2	FALSE	FALSE	8	ASH	260421	270421	290421	ABYA	ZL	921	6	COV	D5	59	63	T6	ASH035	33	M
656	Buffy	Buffy	7	2	FALSE	FALSE	8	ASH	260421	270421	290421	ABYA	ZL	921	6	IAV	D5	58	62	T6	ASH035	33	M
656	Buffy	Buffy	7	2	FALSE	FALSE	8	ASH	260421	270421	290421	ABYA	ZL	921	6	NS	D5	60	64	T6	ASH035	33	M
657	Buffy	Buffy	7	2	FALSE	FALSE	8	ASH	260421	270421	290421	ABYA	ZL	940	7	COV	D7	60	64	T6	ASH036	57	M
657	Buffy	Buffy	7	2	FALSE	FALSE	8	ASH	260421	270421	290421	ABYA	ZL	940	7	IAV	D7	59	63	T6	ASH036	57	M
657	Buffy	Buffy	7	2	FALSE	FALSE	8	ASH	260421	270421	290421	ABYA	ZL	940	7	NS	D7	57	61	T6	ASH036	57	M
705	Buffy	Buffy	10	2	FALSE	FALSE	10	ASH	40521	50521	60521	ABYA	YA	705	4	COV	B9	73	77	T6	ASH037	24	F
705	Buffy	Buffy	10	2	FALSE	FALSE	10	ASH	40521	50521	60521	ABYA	YA	705	4	IAV	B9	76	80	T6	ASH037	24	F
705	Buffy	Buffy	10	2	FALSE	FALSE	10	ASH	40521	50521	60521	ABYA	YA	705	4	NS	B9	74	78	T6	ASH037	24	F
749	Buffy	Buffy	9	2	FALSE	FALSE	9	ASH	30521	40521	60521	ABYA	ZL	749	5	COV	D3	66	70	T6	ASH038	57	M
749	Buffy	Buffy	9	2	FALSE	FALSE	9	ASH	30521	40521	60521	ABYA	ZL	749	5	IAV	D3	65	69	T6	ASH038	57	M
749	Buffy	Buffy	9	2	FALSE	FALSE	9	ASH	30521	40521	60521	ABYA	ZL	749	5	NS	D3	67	71	T6	ASH038	57	M
752	Buffy	Buffy	10	1	FALSE	FALSE	10	ASH	40521	50521	60521	ABYA	YA	752	5	COV	D3	74	78	T6	ASH039	49	M
752	Buffy	Buffy	10	1	FALSE	FALSE	10	ASH	40521	50521	60521	ABYA	YA	752	5	IAV	D3	73	77	T6	ASH039	49	M
752	Buffy	Buffy	10	1	FALSE	FALSE	10	ASH	40521	50521	60521	ABYA	YA	752	5	NS	D3	75	79	T6	ASH039	49	M
754	Buffy	Buffy	9	2	FALSE	FALSE	9	ASH	30521	40521	60521	ABYA	ZL	754	6	COV	D5	67	71	T6	ASH040	55	F
754	Buffy	Buffy	9	2	FALSE	FALSE	9	ASH	30521	40521	60521	ABYA	ZL	754	6	IAV	D5	66	70	T6	ASH040	55	F
754	Buffy	Buffy	9	2	FALSE	FALSE	9	ASH	30521	40521	60521	ABYA	ZL	754	6	NS	D5	68	72	T6	ASH040	55	F
794	Buffy	Buffy	6	1	FALSE	FALSE	5	ASH	200421	210421	220421	ABYA	YA	656	4	COV	B9	33	37	T6	ASH041	30	F
794	Buffy	Buffy	6	1	FALSE	FALSE	5	ASH	200421	210421	220421	ABYA	YA	656	4	IAV	B9	36	40	T6	ASH041	30	F
794	Buffy	Buffy	6	1	FALSE	FALSE	5	ASH	200421	210421	220421	ABYA	YA	656	4	NS	B9	34	38	T6	ASH041	30	F
915	Buffy	Buffy	14	2	FALSE	FALSE	14	ASH	310521	10621	20621	ABYA	ZL	915	3	COV	B7	106	110	T6	ASH042	55	F
915	Buffy	Buffy	14	2	FALSE	FALSE	14	ASH	310521	10621	20621	ABYA	ZL	915	3	IAV	B7	105	109	T6	ASH042	55	F
915	Buffy	Buffy	14	2	FALSE	FALSE	14	ASH	310521	10621	20621	ABYA	ZL	915	3	NS	B7	107	111	T6	ASH042	55	F
917	Buffy	Buffy	14	2	FALSE	FALSE	14	ASH	310521	10621	20621	ABYA	ZL	917	4	COV	B9	107	111	T6	ASH043	48	F
917	Buffy	Buffy	14	2	FALSE	FALSE	14	ASH	310521	10621	20621	ABYA	ZL	917	4	IAV	B9	106	110	T6	ASH043	48	F
917	Buffy	Buffy	14	2	FALSE	FALSE	14	ASH	310521	10621	20621	ABYA	ZL	917	4	NS	B9	108	112	T6	ASH043	48	F
921	Buffy	Buffy	7	2	FALSE	FALSE	8	ASH	260421	270421	290421	ABYA	ZL	947	8	COV	D9	57	61	T6	ASH044	30	M
921	Buffy	Buffy	7	2	FALSE	FALSE	8	ASH	260421	270421	290421	ABYA	ZL	947	8	IAV	D9	60	64	T6	ASH044	30	M
921	Buffy	Buffy	7	2	FALSE	FALSE	8	ASH	260421	270421	290421	ABYA	ZL	947	8	NS	D9	58	62	T6	ASH044	30	M
928	Buffy	Buffy	9	2	FALSE	FALSE	9	ASH	30521	40521	60521	ABYA	ZL	928	7	COV	D7	68	72	T6	ASH045	36	F
928	Buffy	Buffy	9	2	FALSE	FALSE	9	ASH	30521	40521	60521	ABYA	ZL	928	7	IAV	D7	67	71	T6	ASH045	36	F
928	Buffy	Buffy	9	2	FALSE	FALSE	9	ASH	30521	40521	60521	ABYA	ZL	928	7	NS	D7	65	69	T6	ASH045	36	F
937	Buffy	Buffy	6	1	FALSE	FALSE	5	ASH	200421	210421	220421	ABYA	YA	657	5	COV	D3	34	38	T6	ASH046	57	F
937	Buffy	Buffy	6	1	FALSE	FALSE	5	ASH	200421	210421	220421	ABYA	YA	657	5	IAV	D3	33	37	T6	ASH046	57	F
937	Buffy	Buffy	6	1	FALSE	FALSE	5	ASH	200421	210421	220421	ABYA	YA	657	5	NS	D3	35	39	T6	ASH046	57	F
938	Buffy	Buffy	9	1	FALSE	FALSE	9	ASH	30521	40521	60521	ABYA	ZL	938	8	COV	D9	65	69	T6	ASH047	43	M
938	Buffy	Buffy	9	1	FALSE	FALSE	9	ASH	30521	40521	60521	ABYA	ZL	938	8	IAV	D9	68	72	T6	ASH047	43	M
938	Buffy	Buffy	9	1	FALSE	FALSE	9	ASH	30521	40521	60521	ABYA	ZL	938	8	NS	D9	66	70	T6	ASH047	43	M
940	Buffy	Buffy	6	2	FALSE	FALSE	5	ASH	200421	210421	220421	ABYA	YA	794	6	COV	D5	35	39	T6	ASH048	31	F
940	Buffy	Buffy	6	2	FALSE	FALSE	5	ASH	200421	210421	220421	ABYA	YA	794	6	IAV	D5	34	38	T6	ASH048	31	F
940	Buffy	Buffy	6	2	FALSE	FALSE	5	ASH	200421	210421	220421	ABYA	YA	794	6	NS	D5	36	40	T6	ASH048	31	F
947	Buffy	Buffy	6	2	FALSE	FALSE	5	ASH	200421	210421	220421	ABYA	YA	937	7	COV	D7	36	40	T6	ASH049	51	F
947	Buffy	Buffy	6	2	FALSE	FALSE	5	ASH	200421	210421	220421	ABYA	YA	937	7	IAV	D7	35	39	T6	ASH049	51	F
947	Buffy	Buffy	6	2	FALSE	FALSE	5	ASH	200421	210421	220421	ABYA	YA	937	7	NS	D7	33	37	T6	ASH049	51	F
982	Buffy	Buffy	3	1	FALSE	FALSE	3	ASH	120421	130421	150421	ABYA	ZL	982	8	COV	D9	17	21	T6	ASH050	57	M
982	Buffy	Buffy	3	1	FALSE	FALSE	3	ASH	120421	130421	150421	ABYA	ZL	982	8	IAV	D9	20	24	T6	ASH050	57	M
982	Buffy	Buffy	3	1	FALSE	FALSE	3	ASH	120421	130421	150421	ABYA	ZL	982	8	NS	D9	18	22	T6	ASH050	57	M
988	Buffy	Buffy	5	1	FALSE	FALSE	4	ASH	190421	200421	220421	ABYA	ZL	988	8	COV	D9	25	29	T6	ASH051	60	F
988	Buffy	Buffy	5	1	FALSE	FALSE	4	ASH	190421	200421	220421	ABYA	ZL	988	8	IAV	D9	28	32	T6	ASH051	60	F
988	Buffy	Buffy	5	1	FALSE	FALSE	4	ASH	190421	200421	220421	ABYA	ZL	988	8	NS	D9	26	30	T6	ASH051	60	F
999	Buffy	Buffy	6	2	FALSE	FALSE	5	ASH	200421	210421	220421	ABYA	YA	999	8	COV	D9	33	37	T6	ASH052	23	F
999	Buffy	Buffy	6	2	FALSE	FALSE	5	ASH	200421	210421	220421	ABYA	YA	999	8	IAV	D9	36	40	T6	ASH052	23	F
999	Buffy	Buffy	6	2	FALSE	FALSE	5	ASH	200421	210421	220421	ABYA	YA	999	8	NS	D9	34	38	T6	ASH052	23	F
AFB011	AH/90	rack4	11	2	FALSE	FALSE	12	AFB	100521	110521	130521	ABYA	YA		9	COV	F3	90	94	T6	AFB011	32	M
AFB011	AH/90	rack4	11	2	FALSE	FALSE	12	AFB	100521	110521	130521	ABYA	YA		9	IAV	F3	89	93	T6	AFB011	32	M
AFB011	AH/90	rack4	11	2	FALSE	FALSE	12	AFB	100521	110521	130521	ABYA	YA		9	NS	F3	91	95	T6	AFB011	32	M
AFB012	AH/90	rack4	1	7	TRUE	FALSE	1	AFB	50421	60421	80421	ABYA	ZL		1	COV	B3	2	6	T6	AFB012	28	M
AFB012	AH/90	rack4	1	7	TRUE	FALSE	1	AFB	50421	60421	80421	ABYA	ZL		1	IAV	B3	1	5	T6	AFB012	28	M
AFB012	AH/90	rack4	1	7	TRUE	FALSE	1	AFB	50421	60421	80421	ABYA	ZL		1	NS	B3	3	7	T6	AFB012	28	M
AFB013	AH/90	rack4	1	4	TRUE	FALSE	1	AFB	50421	60421	80421	ABYA	ZL		2	COV	B5	3	7	T6	AFB013	43	M
AFB013	AH/90	rack4	1	4	TRUE	FALSE	1	AFB	50421	60421	80421	ABYA	ZL		2	IAV	B5	2	6	T6	AFB013	43	M
AFB013	AH/90	rack4	1	4	TRUE	FALSE	1	AFB	50421	60421	80421	ABYA	ZL		2	NS	B5	4	8	T6	AFB013	43	M
AFB014	AH/90	rack4	11	2	FALSE	FALSE	12	AFB	100521	110521	130521	ABYA	YA		10	COV	F5	91	95	T6	AFB014	26	M
AFB014	AH/90	rack4	11	2	FALSE	FALSE	12	AFB	100521	110521	130521	ABYA	YA		10	IAV	F5	90	94	T6	AFB014	26	M
AFB014	AH/90	rack4	11	2	FALSE	FALSE	12	AFB	100521	110521	130521	ABYA	YA		10	NS	F5	92	96	T6	AFB014	26	M
AFB017	AH/98	rack4	8	3	TRUE	FALSE	7	AFB	270421	280421	290421	ABYA	YA		1	COV	B3	50	54	T6	AFB017	26	M
AFB017	AH/98	rack4	8	3	TRUE	FALSE	7	AFB	270421	280421	290421	ABYA	YA		1	IAV	B3	49	53	T6	AFB017	26	M
AFB017	AH/98	rack4	8	3	TRUE	FALSE	7	AFB	270421	280421	290421	ABYA	YA		1	NS	B3	51	55	T6	AFB017	26	M
AFB021	AI/15	rack4	12	2	TRUE	FALSE	11	AFB	110521	120521	130521	ABYA	MO		1	COV	B3	82	86	T6	AFB021	30	M
AFB021	AI/15	rack4	12	2	TRUE	FALSE	11	AFB	110521	120521	130521	ABYA	MO		1	IAV	B3	81	85	T6	AFB021	30	M
AFB021	AI/15	rack4	12	2	TRUE	FALSE	11	AFB	110521	120521	130521	ABYA	MO		1	NS	B3	83	87	T6	AFB021	30	M
AFB023	AI/15	rack4	1	6	TRUE	FALSE	1	AFB	50421	60421	80421	ABYA	ZL		3	COV	B7	4	8	T6	AFB023	23	M
AFB023	AI/15	rack4	1	6	TRUE	FALSE	1	AFB	50421	60421	80421	ABYA	ZL		3	IAV	B7	3	7	T6	AFB023	23	M
AFB023	AI/15	rack4	1	6	TRUE	FALSE	1	AFB	50421	60421	80421	ABYA	ZL		3	NS	B7	1	5	T6	AFB023	23	M
AFB031	AI/15	rack4	11	2	FALSE	FALSE	12	AFB	100521	110521	130521	ABYA	YA		11	COV	F7	92	96	T6	AFB031	29	M
AFB031	AI/15	rack4	11	2	FALSE	FALSE	12	AFB	100521	110521	130521	ABYA	YA		11	IAV	F7	91	95	T6	AFB031	29	M
AFB031	AI/15	rack4	11	2	FALSE	FALSE	12	AFB	100521	110521	130521	ABYA	YA		11	NS	F7	89	93	T6	AFB031	29	M
AFB032	AI/15	rack4	2	4	TRUE	FALSE	2	AFB	60421	70421	80421	ABYA	MO		1	COV	B3	10	14	T6	AFB032	30	M
AFB032	AI/15	rack4	2	4	TRUE	FALSE	2	AFB	60421	70421	80421	ABYA	MO		1	IAV	B3	9	13	T6	AFB032	30	M
AFB032	AI/15	rack4	2	4	TRUE	FALSE	2	AFB	60421	70421	80421	ABYA	MO		1	NS	B3	11	15	T6	AFB032	30	M
AFB034	AI/31	rack3	2	4	TRUE	FALSE	2	AFB	60421	70421	80421	ABYA	MO		2	COV	B5	11	15	T6	AFB034	28	M
AFB034	AI/31	rack3	2	4	TRUE	FALSE	2	AFB	60421	70421	80421	ABYA	MO		2	IAV	B5	10	14	T6	AFB034	28	M
AFB034	AI/31	rack3	2	4	TRUE	FALSE	2	AFB	60421	70421	80421	ABYA	MO		2	NS	B5	12	16	T6	AFB034	28	M
AFB035	AI/31	rack3	12	3	TRUE	FALSE	11	AFB	110521	120521	130521	ABYA	MO		2	COV	B5	83	87	T6	AFB035	36	M
AFB035	AI/31	rack3	12	3	TRUE	FALSE	11	AFB	110521	120521	130521	ABYA	MO		2	IAV	B5	82	86	T6	AFB035	36	M
AFB035	AI/31	rack3	12	3	TRUE	FALSE	11	AFB	110521	120521	130521	ABYA	MO		2	NS	B5	84	88	T6	AFB035	36	M
AFB036	AI/31	rack3	2	4	TRUE	FALSE	2	AFB	60421	70421	80421	ABYA	MO		3	COV	B7	12	16	T6	AFB036	33	M
AFB036	AI/31	rack3	2	4	TRUE	FALSE	2	AFB	60421	70421	80421	ABYA	MO		3	IAV	B7	11	15	T6	AFB036	33	M
AFB036	AI/31	rack3	2	4	TRUE	FALSE	2	AFB	60421	70421	80421	ABYA	MO		3	NS	B7	9	13	T6	AFB036	33	M
AFB037	AI/31	rack3	2	4	TRUE	FALSE	2	AFB	60421	70421	80421	ABYA	MO		4	COV	B9	9	13	T6	AFB037	47	M
AFB037	AI/31	rack3	2	4	TRUE	FALSE	2	AFB	60421	70421	80421	ABYA	MO		4	IAV	B9	12	16	T6	AFB037	47	M
AFB037	AI/31	rack3	2	4	TRUE	FALSE	2	AFB	60421	70421	80421	ABYA	MO		4	NS	B9	10	14	T6	AFB037	47	M
AFB042	AI/31	rack3	14	3	FALSE	FALSE	14	AFB	310521	10621	20621	ABYA	ZL		8	IAV	D9	105	109	T6	AFB042	26	M
AFB042	AI/31	rack3	14	3	FALSE	FALSE	14	AFB	310521	10621	20621	ABYA	ZL		8	COV	D9	106	110	T6	AFB042	26	M
AFB042	AI/31	rack3	14	3	FALSE	FALSE	14	AFB	310521	10621	20621	ABYA	ZL		8	NS	D9	107	111	T6	AFB042	26	M
AFB047	AI/31	rack3	12	3	TRUE	FALSE	11	AFB	110521	120521	130521	ABYA	MO		3	COV	B7	84	88	T6	AFB047	32	M
AFB047	AI/31	rack3	12	3	TRUE	FALSE	11	AFB	110521	120521	130521	ABYA	MO		3	IAV	B7	83	87	T6	AFB047	32	M
AFB047	AI/31	rack3	12	3	TRUE	FALSE	11	AFB	110521	120521	130521	ABYA	MO		3	NS	B7	81	85	T6	AFB047	32	M
AFB048	AI/31	rack3	14	2	FALSE	FALSE	14	AFB	310521	10621	20621	ABYA	ZL		9	IAV	F3	106	110	T6	AFB048	29	M
AFB048	AI/31	rack3	14	2	FALSE	FALSE	14	AFB	310521	10621	20621	ABYA	ZL		9	COV	F3	107	111	T6	AFB048	29	M
AFB048	AI/31	rack3	14	2	FALSE	FALSE	14	AFB	310521	10621	20621	ABYA	ZL		9	NS	F3	108	112	T6	AFB048	29	M
AFB052	AI/31	rack3	2	4	TRUE	FALSE	2	AFB	60421	70421	80421	ABYA	MO		5	COV	D3	10	14	T6	AFB052	34	M
AFB052	AI/31	rack3	2	4	TRUE	FALSE	2	AFB	60421	70421	80421	ABYA	MO		5	IAV	D3	9	13	T6	AFB052	34	M
AFB052	AI/31	rack3	2	4	TRUE	FALSE	2	AFB	60421	70421	80421	ABYA	MO		5	NS	D3	11	15	T6	AFB052	34	M
AFB053	AI/31	rack3	14	2	FALSE	FALSE	14	AFB	310521	10621	20621	ABYA	ZL		10	IAV	F5	107	111	T6	AFB053	48	M
AFB053	AI/31	rack3	14	2	FALSE	FALSE	14	AFB	310521	10621	20621	ABYA	ZL		10	COV	F5	108	112	T6	AFB053	48	M
AFB053	AI/31	rack3	14	2	FALSE	FALSE	14	AFB	310521	10621	20621	ABYA	ZL		10	NS	F5	105	109	T6	AFB053	48	M
AFB054	AI/31	rack3	2	4	TRUE	FALSE	2	AFB	60421	70421	80421	ABYA	MO		6	COV	D5	11	15	T6	AFB054	35	M
AFB054	AI/31	rack3	2	4	TRUE	FALSE	2	AFB	60421	70421	80421	ABYA	MO		6	IAV	D5	10	14	T6	AFB054	35	M
AFB054	AI/31	rack3	2	4	TRUE	FALSE	2	AFB	60421	70421	80421	ABYA	MO		6	NS	D5	12	16	T6	AFB054	35	M
AFB056	AI/31	rack3	12	3	TRUE	FALSE	11	AFB	110521	120521	130521	ABYA	MO		4	COV	B9	81	85	T6	AFB056	31	M
AFB056	AI/31	rack3	12	3	TRUE	FALSE	11	AFB	110521	120521	130521	ABYA	MO		4	IAV	B9	84	88	T6	AFB056	31	M
AFB056	AI/31	rack3	12	3	TRUE	FALSE	11	AFB	110521	120521	130521	ABYA	MO		4	NS	B9	82	86	T6	AFB056	31	M
AFB058	AI/31	rack3	2	4	TRUE	FALSE	2	AFB	60421	70421	80421	ABYA	MO		7	COV	D7	12	16	T6	AFB058	29	M
AFB058	AI/31	rack3	2	4	TRUE	FALSE	2	AFB	60421	70421	80421	ABYA	MO		7	IAV	D7	11	15	T6	AFB058	29	M
AFB058	AI/31	rack3	2	4	TRUE	FALSE	2	AFB	60421	70421	80421	ABYA	MO		7	NS	D7	9	13	T6	AFB058	29	M
AFB060	AI/31	rack3	14	2	FALSE	FALSE	14	AFB	310521	10621	20621	ABYA	ZL		11	IAV	F7	108	112	T6	AFB060	26	M
AFB060	AI/31	rack3	14	2	FALSE	FALSE	14	AFB	310521	10621	20621	ABYA	ZL		11	COV	F7	105	109	T6	AFB060	26	M
AFB060	AI/31	rack3	14	2	FALSE	FALSE	14	AFB	310521	10621	20621	ABYA	ZL		11	NS	F7	106	110	T6	AFB060	26	M
AFB063	AI/31	rack3	12	3	TRUE	FALSE	11	AFB	110521	120521	130521	ABYA	MO		5	COV	D3	82	86	T6	AFB063	29	M
AFB063	AI/31	rack3	12	3	TRUE	FALSE	11	AFB	110521	120521	130521	ABYA	MO		5	IAV	D3	81	85	T6	AFB063	29	M
AFB063	AI/31	rack3	12	3	TRUE	FALSE	11	AFB	110521	120521	130521	ABYA	MO		5	NS	D3	83	87	T6	AFB063	29	M
AFB074	AI/39	rack6	4	3	TRUE	FALSE	6	AFB	130421	140421	150421	ABYA	YA		1	COV	B3	42	46	T6	AFB074	42	M
AFB074	AI/39	rack6	4	3	TRUE	FALSE	6	AFB	130421	140421	150421	ABYA	YA		1	IAV	B3	41	45	T6	AFB074	42	M
AFB074	AI/39	rack6	4	3	TRUE	FALSE	6	AFB	130421	140421	150421	ABYA	YA		1	NS	B3	43	47	T6	AFB074	42	M
AFB075	AI/39	rack6	4	3	TRUE	FALSE	6	AFB	130421	140421	150421	ABYA	YA		2	COV	B5	43	47	T6	AFB075	37	M
AFB075	AI/39	rack6	4	3	TRUE	FALSE	6	AFB	130421	140421	150421	ABYA	YA		2	IAV	B5	42	46	T6	AFB075	37	M
AFB075	AI/39	rack6	4	3	TRUE	FALSE	6	AFB	130421	140421	150421	ABYA	YA		2	NS	B5	44	48	T6	AFB075	37	M
AFB078	AI/31	rack3	12	3	TRUE	FALSE	11	AFB	110521	120521	130521	ABYA	MO		6	COV	D5	83	87	T6	AFB078	27	M
AFB078	AI/31	rack3	12	3	TRUE	FALSE	11	AFB	110521	120521	130521	ABYA	MO		6	IAV	D5	82	86	T6	AFB078	27	M
AFB078	AI/31	rack3	12	3	TRUE	FALSE	11	AFB	110521	120521	130521	ABYA	MO		6	NS	D5	84	88	T6	AFB078	27	M
AFB080	AI/39	rack6	3	2	FALSE	FALSE	3	AFB	120421	130421	150421	ABYA	ZL		9	COV	F3	18	22	T6	AFB080	29	M
AFB080	AI/39	rack6	3	2	FALSE	FALSE	3	AFB	120421	130421	150421	ABYA	ZL		9	IAV	F3	17	21	T6	AFB080	29	M
AFB080	AI/39	rack6	3	2	FALSE	FALSE	3	AFB	120421	130421	150421	ABYA	ZL		9	NS	F3	19	23	T6	AFB080	29	M
AFB086	AI/39	rack6	4	3	TRUE	FALSE	6	AFB	130421	140421	150421	ABYA	YA		3	COV	B7	44	48	T6	AFB086	35	M
AFB086	AI/39	rack6	4	3	TRUE	FALSE	6	AFB	130421	140421	150421	ABYA	YA		3	IAV	B7	43	47	T6	AFB086	35	M
AFB086	AI/39	rack6	4	3	TRUE	FALSE	6	AFB	130421	140421	150421	ABYA	YA		3	NS	B7	41	45	T6	AFB086	35	M
AFB088	AI/39	rack6	4	3	TRUE	FALSE	6	AFB	130421	140421	150421	ABYA	YA		4	COV	B9	41	45	T6	AFB088	36	M
AFB088	AI/39	rack6	4	3	TRUE	FALSE	6	AFB	130421	140421	150421	ABYA	YA		4	IAV	B9	44	48	T6	AFB088	36	M
AFB088	AI/39	rack6	4	3	TRUE	FALSE	6	AFB	130421	140421	150421	ABYA	YA		4	NS	B9	42	46	T6	AFB088	36	M
AFB090	AI/39	rack6	5	2	FALSE	FALSE	4	AFB	190421	200421	220421	ABYA	ZL		9	COV	F3	26	30	T6	AFB090	37	M
AFB090	AI/39	rack6	5	2	FALSE	FALSE	4	AFB	190421	200421	220421	ABYA	ZL		9	IAV	F3	25	29	T6	AFB090	37	M
AFB090	AI/39	rack6	5	2	FALSE	FALSE	4	AFB	190421	200421	220421	ABYA	ZL		9	NS	F3	27	31	T6	AFB090	37	M
AFB091	AI/39	rack6	1	6	TRUE	FALSE	1	AFB	50421	60421	80421	ABYA	ZL		4	COV	B9	1	5	T6	AFB091	31	M
AFB091	AI/39	rack6	1	6	TRUE	FALSE	1	AFB	50421	60421	80421	ABYA	ZL		4	IAV	B9	4	8	T6	AFB091	31	M
AFB091	AI/39	rack6	1	6	TRUE	FALSE	1	AFB	50421	60421	80421	ABYA	ZL		4	NS	B9	2	6	T6	AFB091	31	M
AFB092	AI/39	rack6	4	3	TRUE	FALSE	6	AFB	130421	140421	150421	ABYA	YA		5	COV	D3	42	46	T6	AFB092	34	M
AFB092	AI/39	rack6	4	3	TRUE	FALSE	6	AFB	130421	140421	150421	ABYA	YA		5	IAV	D3	41	45	T6	AFB092	34	M
AFB092	AI/39	rack6	4	3	TRUE	FALSE	6	AFB	130421	140421	150421	ABYA	YA		5	NS	D3	43	47	T6	AFB092	34	M
AFB095	AI/48	rack4	13	3	FALSE	FALSE	13	AFB	180521	190521	200521	ABYA	YA		9	COV	F3	98	102	T6	AFB095	36	M
AFB095	AI/48	rack4	13	3	FALSE	FALSE	13	AFB	180521	190521	200521	ABYA	YA		9	IAV	F3	97	101	T6	AFB095	36	M
AFB095	AI/48	rack4	13	3	FALSE	FALSE	13	AFB	180521	190521	200521	ABYA	YA		9	NS	F3	99	103	T6	AFB095	36	M
AFB097	AI/48	rack4	13	3	FALSE	FALSE	13	AFB	180521	190521	200521	ABYA	YA		10	COV	F5	99	103	T6	AFB097	28	M
AFB097	AI/48	rack4	13	3	FALSE	FALSE	13	AFB	180521	190521	200521	ABYA	YA		10	IAV	F5	98	102	T6	AFB097	28	M
AFB097	AI/48	rack4	13	3	FALSE	FALSE	13	AFB	180521	190521	200521	ABYA	YA		10	NS	F5	100	104	T6	AFB097	28	M
AFB098	AI/48	rack4	12	3	TRUE	FALSE	11	AFB	110521	120521	130521	ABYA	MO		7	COV	D7	84	88	T6	AFB098	33	M
AFB098	AI/48	rack4	12	3	TRUE	FALSE	11	AFB	110521	120521	130521	ABYA	MO		7	IAV	D7	83	87	T6	AFB098	33	M
AFB098	AI/48	rack4	12	3	TRUE	FALSE	11	AFB	110521	120521	130521	ABYA	MO		7	NS	D7	81	85	T6	AFB098	33	M
AFB099	AI/48	rack4	1	5	TRUE	FALSE	1	AFB	50421	60421	80421	ABYA	ZL		5	COV	D3	2	6	T6	AFB061	28	M
AFB099	AI/48	rack4	1	5	TRUE	FALSE	1	AFB	50421	60421	80421	ABYA	ZL		5	IAV	D3	1	5	T6	AFB061	28	M
AFB099	AI/48	rack4	1	5	TRUE	FALSE	1	AFB	50421	60421	80421	ABYA	ZL		5	NS	D3	3	7	T6	AFB061	28	M
AFB101	AI/48	rack4	13	2	FALSE	FALSE	13	AFB	180521	190521	200521	ABYA	YA		11	COV	F7	100	104	T6	AFB101	26	M
AFB101	AI/48	rack4	13	2	FALSE	FALSE	13	AFB	180521	190521	200521	ABYA	YA		11	IAV	F7	99	103	T6	AFB101	26	M
AFB101	AI/48	rack4	13	2	FALSE	FALSE	13	AFB	180521	190521	200521	ABYA	YA		11	NS	F7	97	101	T6	AFB101	26	M
AFB102			0			TRUE	0	AFB	80221	90221	100221	ABYA	MOZL		1	T0		113	114	T0	AFB102	28	M
AFB102			0			TRUE	0	AFB	80221	90221	100221	ABYA	MOZL		1	NS		115	118	T6	AFB102	28	M
AFB102			0			TRUE	0	AFB	80221	90221	100221	ABYA	MOZL		1	COV		116	119	T6	AFB102	28	M
AFB102			0			TRUE	0	AFB	80221	90221	100221	ABYA	MOZL		1	IAV		117	120	T6	AFB102	28	M
AFB102			0			TRUE	0	AFB	80221	90221	100221	ABYA	MOZL		1	NS		124	125	T24	AFB102	28	M
AFB102			0			TRUE	0	AFB	80221	90221	100221	ABYA	MOZL		1	COV		121	126	T24	AFB102	28	M
AFB102			0			TRUE	0	AFB	80221	90221	100221	ABYA	MOZL		1	IAV		122	123	T24	AFB102	28	M
AFB103	AI/48	rack4	13	2	FALSE	FALSE	13	AFB	180521	190521	200521	ABYA	YA		12	COV	F9	97	101	T6	AFB103	33	M
AFB103	AI/48	rack4	13	2	FALSE	FALSE	13	AFB	180521	190521	200521	ABYA	YA		12	IAV	F9	100	104	T6	AFB103	33	M
AFB103	AI/48	rack4	13	2	FALSE	FALSE	13	AFB	180521	190521	200521	ABYA	YA		12	NS	F9	98	102	T6	AFB103	33	M
AFB104			0			TRUE	0	AFB	80221	90221	100221	ABYA	MOZL		2	T0		113	114	T0	AFB104	36	M
AFB104			0			TRUE	0	AFB	80221	90221	100221	ABYA	MOZL		2	NS		115	119	T6	AFB104	36	M
AFB104			0			TRUE	0	AFB	80221	90221	100221	ABYA	MOZL		2	COV		116	118	T6	AFB104	36	M
AFB104			0			TRUE	0	AFB	80221	90221	100221	ABYA	MOZL		2	IAV		117	120	T6	AFB104	36	M
AFB104			0			TRUE	0	AFB	80221	90221	100221	ABYA	MOZL		2	NS		121	124	T24	AFB104	36	M
AFB104			0			TRUE	0	AFB	80221	90221	100221	ABYA	MOZL		2	COV		122	125	T24	AFB104	36	M
AFB104			0			TRUE	0	AFB	80221	90221	100221	ABYA	MOZL		2	IAV		123	126	T24	AFB104	36	M
AFB106	AI/53	rack6	5	3	FALSE	FALSE	4	AFB	190421	200421	220421	ABYA	ZL		10	COV	F5	27	31	T6	AFB106	41	M
AFB106	AI/53	rack6	5	3	FALSE	FALSE	4	AFB	190421	200421	220421	ABYA	ZL		10	IAV	F5	26	30	T6	AFB106	41	M
AFB106	AI/53	rack6	5	3	FALSE	FALSE	4	AFB	190421	200421	220421	ABYA	ZL		10	NS	F5	28	32	T6	AFB106	41	M
AFB107	AI/53	rack6	1	5	TRUE	FALSE	1	AFB	50421	60421	80421	ABYA	ZL		6	COV	D5	3	7	T6	AFB107	28	M
AFB107	AI/53	rack6	1	5	TRUE	FALSE	1	AFB	50421	60421	80421	ABYA	ZL		6	IAV	D5	2	6	T6	AFB107	28	M
AFB107	AI/53	rack6	1	5	TRUE	FALSE	1	AFB	50421	60421	80421	ABYA	ZL		6	NS	D5	4	8	T6	AFB107	28	M
AFB110	AI/53	rack6	4	4	TRUE	FALSE	6	AFB	130421	140421	150421	ABYA	YA		6	COV	D5	43	47	T6	AFB110	29	M
AFB110	AI/53	rack6	4	4	TRUE	FALSE	6	AFB	130421	140421	150421	ABYA	YA		6	IAV	D5	42	46	T6	AFB110	29	M
AFB110	AI/53	rack6	4	4	TRUE	FALSE	6	AFB	130421	140421	150421	ABYA	YA		6	NS	D5	44	48	T6	AFB110	29	M
AFB111			0			TRUE	0	AFB	80221	90221	100221	ABYA	MOZL		3	T0		113	114	T0	AFB111	32	M
AFB111			0			TRUE	0	AFB	80221	90221	100221	ABYA	MOZL		3	NS		115	116	T6	AFB111	32	M
AFB111			0			TRUE	0	AFB	80221	90221	100221	ABYA	MOZL		3	COV		120		T6	AFB111	32	M
AFB111			0			TRUE	0	AFB	80221	90221	100221	ABYA	MOZL		3	IAV		118		T6	AFB111	32	M
AFB111			0			TRUE	0	AFB	80221	90221	100221	ABYA	MOZL		3	MIX_COV_IAV		117		T6	AFB111	32	M
AFB111			0			TRUE	0	AFB	80221	90221	100221	ABYA	MOZL		3	NS		121	125	T24	AFB111	32	M
AFB111			0			TRUE	0	AFB	80221	90221	100221	ABYA	MOZL		3	COV		122	124	T24	AFB111	32	M
AFB111			0			TRUE	0	AFB	80221	90221	100221	ABYA	MOZL		3	IAV		123	126	T24	AFB111	32	M
AFB113	AI/53	rack6	5	3	FALSE	FALSE	4	AFB	190421	200421	220421	ABYA	ZL		11	COV	F7	28	32	T6	AFB113	39	M
AFB113	AI/53	rack6	5	3	FALSE	FALSE	4	AFB	190421	200421	220421	ABYA	ZL		11	IAV	F7	27	31	T6	AFB113	39	M
AFB113	AI/53	rack6	5	3	FALSE	FALSE	4	AFB	190421	200421	220421	ABYA	ZL		11	NS	F7	25	29	T6	AFB113	39	M
AFB116			0			TRUE	0	AFB	80221	90221	100221	ABYA	MOZL		4	T0		113	114	T0	AFB116	27	M
AFB116			0			TRUE	0	AFB	80221	90221	100221	ABYA	MOZL		4	NS		116	120	T6	AFB116	27	M
AFB116			0			TRUE	0	AFB	80221	90221	100221	ABYA	MOZL		4	COV		115	117	T6	AFB116	27	M
AFB116			0			TRUE	0	AFB	80221	90221	100221	ABYA	MOZL		4	IAV		118	119	T6	AFB116	27	M
AFB116			0			TRUE	0	AFB	80221	90221	100221	ABYA	MOZL		4	NS		121	122	T24	AFB116	27	M
AFB116			0			TRUE	0	AFB	80221	90221	100221	ABYA	MOZL		4	COV		123	126	T24	AFB116	27	M
AFB116			0			TRUE	0	AFB	80221	90221	100221	ABYA	MOZL		4	IAV		124	125	T24	AFB116	27	M
AFB125	AI/63	rack2	12	3	TRUE	FALSE	11	AFB	110521	120521	130521	ABYA	MO		8	COV	D9	81	85	T6	AFB125	28	M
AFB125	AI/63	rack2	12	3	TRUE	FALSE	11	AFB	110521	120521	130521	ABYA	MO		8	IAV	D9	84	88	T6	AFB125	28	M
AFB125	AI/63	rack2	12	3	TRUE	FALSE	11	AFB	110521	120521	130521	ABYA	MO		8	NS	D9	82	86	T6	AFB125	28	M
AFB134	AI/74	rack5	7	3	FALSE	FALSE	8	AFB	260421	270421	290421	ABYA	ZL		9	COV	F3	58	62	T6	AFB134	30	M
AFB134	AI/74	rack5	7	3	FALSE	FALSE	8	AFB	260421	270421	290421	ABYA	ZL		9	IAV	F3	57	61	T6	AFB134	30	M
AFB134	AI/74	rack5	7	3	FALSE	FALSE	8	AFB	260421	270421	290421	ABYA	ZL		9	NS	F3	59	63	T6	AFB134	30	M
AFB136	AI/63	rack2	2	4	TRUE	FALSE	2	AFB	60421	70421	80421	ABYA	MO		8	COV	D9	9	13	T6	AFB136	28	M
AFB136	AI/63	rack2	2	4	TRUE	FALSE	2	AFB	60421	70421	80421	ABYA	MO		8	IAV	D9	12	16	T6	AFB136	28	M
AFB136	AI/63	rack2	2	4	TRUE	FALSE	2	AFB	60421	70421	80421	ABYA	MO		8	NS	D9	10	14	T6	AFB136	28	M
AFB137	AI/74	rack5	8	4	TRUE	FALSE	7	AFB	270421	280421	290421	ABYA	YA		2	COV	B5	51	55	T6	AFB137	21	M
AFB137	AI/74	rack5	8	4	TRUE	FALSE	7	AFB	270421	280421	290421	ABYA	YA		2	IAV	B5	50	54	T6	AFB137	21	M
AFB137	AI/74	rack5	8	4	TRUE	FALSE	7	AFB	270421	280421	290421	ABYA	YA		2	NS	B5	52	56	T6	AFB137	21	M
AFB139	AI/74	rack5	1	5	TRUE	FALSE	1	AFB	50421	60421	80421	ABYA	ZL		7	COV	D7	4	8	T6	AFB139	44	M
AFB139	AI/74	rack5	1	5	TRUE	FALSE	1	AFB	50421	60421	80421	ABYA	ZL		7	IAV	D7	3	7	T6	AFB139	44	M
AFB139	AI/74	rack5	1	5	TRUE	FALSE	1	AFB	50421	60421	80421	ABYA	ZL		7	NS	D7	1	5	T6	AFB139	44	M
AFB140	AI/74	rack5	8	3	TRUE	FALSE	7	AFB	270421	280421	290421	ABYA	YA		3	COV	B7	52	56	T6	AFB140	30	M
AFB140	AI/74	rack5	8	3	TRUE	FALSE	7	AFB	270421	280421	290421	ABYA	YA		3	IAV	B7	51	55	T6	AFB140	30	M
AFB140	AI/74	rack5	8	3	TRUE	FALSE	7	AFB	270421	280421	290421	ABYA	YA		3	NS	B7	49	53	T6	AFB140	30	M
AFB143	AI/74	rack5	8	3	TRUE	FALSE	7	AFB	270421	280421	290421	ABYA	YA		4	COV	B9	49	53	T6	AFB143	28	M
AFB143	AI/74	rack5	8	3	TRUE	FALSE	7	AFB	270421	280421	290421	ABYA	YA		4	IAV	B9	52	56	T6	AFB143	28	M
AFB143	AI/74	rack5	8	3	TRUE	FALSE	7	AFB	270421	280421	290421	ABYA	YA		4	NS	B9	50	54	T6	AFB143	28	M
AFB144	AI/74	rack5	1	6	TRUE	FALSE	1	AFB	50421	60421	80421	ABYA	ZL		8	COV	D9	1	5	T6	AFB144	34	M
AFB144	AI/74	rack5	1	6	TRUE	FALSE	1	AFB	50421	60421	80421	ABYA	ZL		8	IAV	D9	4	8	T6	AFB144	34	M
AFB144	AI/74	rack5	1	6	TRUE	FALSE	1	AFB	50421	60421	80421	ABYA	ZL		8	NS	D9	2	6	T6	AFB144	34	M
AFB145	AI/74	rack5	8	4	TRUE	FALSE	7	AFB	270421	280421	290421	ABYA	YA		5	COV	D3	50	54	T6	AFB145	42	M
AFB145	AI/74	rack5	8	4	TRUE	FALSE	7	AFB	270421	280421	290421	ABYA	YA		5	IAV	D3	49	53	T6	AFB145	42	M
AFB145	AI/74	rack5	8	4	TRUE	FALSE	7	AFB	270421	280421	290421	ABYA	YA		5	NS	D3	51	55	T6	AFB145	42	M
AFB147	AI/74	rack5	8	4	TRUE	FALSE	7	AFB	270421	280421	290421	ABYA	YA		6	COV	D5	51	55	T6	AFB147	29	M
AFB147	AI/74	rack5	8	4	TRUE	FALSE	7	AFB	270421	280421	290421	ABYA	YA		6	IAV	D5	50	54	T6	AFB147	29	M
AFB147	AI/74	rack5	8	4	TRUE	FALSE	7	AFB	270421	280421	290421	ABYA	YA		6	NS	D5	52	56	T6	AFB147	29	M
AFB149	AI/79	rack5	7	3	FALSE	FALSE	8	AFB	260421	270421	290421	ABYA	ZL		10	COV	F5	59	63	T6	AFB149	37	M
AFB149	AI/79	rack5	7	3	FALSE	FALSE	8	AFB	260421	270421	290421	ABYA	ZL		10	IAV	F5	58	62	T6	AFB149	37	M
AFB149	AI/79	rack5	7	3	FALSE	FALSE	8	AFB	260421	270421	290421	ABYA	ZL		10	NS	F5	60	64	T6	AFB149	37	M
AFB152	AI/79	rack5	7	2	FALSE	FALSE	8	AFB	260421	270421	290421	ABYA	ZL		11	COV	F7	60	64	T6	AFB152	35	M
AFB152	AI/79	rack5	7	2	FALSE	FALSE	8	AFB	260421	270421	290421	ABYA	ZL		11	IAV	F7	59	63	T6	AFB152	35	M
AFB152	AI/79	rack5	7	2	FALSE	FALSE	8	AFB	260421	270421	290421	ABYA	ZL		11	NS	F7	57	61	T6	AFB152	35	M
AFB153	AI/79	rack5	9	3	FALSE	FALSE	9	AFB	30521	40521	60521	ABYA	ZL		9	COV	F3	66	70	T6	AFB153	43	M
AFB153	AI/79	rack5	9	3	FALSE	FALSE	9	AFB	30521	40521	60521	ABYA	ZL		9	IAV	F3	65	69	T6	AFB153	43	M
AFB153	AI/79	rack5	9	3	FALSE	FALSE	9	AFB	30521	40521	60521	ABYA	ZL		9	NS	F3	67	71	T6	AFB153	43	M
AFB154	AI/79	rack5	9	2	FALSE	FALSE	9	AFB	30521	40521	60521	ABYA	ZL		10	COV	F5	67	71	T6	AFB154	37	M
AFB154	AI/79	rack5	9	2	FALSE	FALSE	9	AFB	30521	40521	60521	ABYA	ZL		10	IAV	F5	66	70	T6	AFB154	37	M
AFB154	AI/79	rack5	9	2	FALSE	FALSE	9	AFB	30521	40521	60521	ABYA	ZL		10	NS	F5	68	72	T6	AFB154	37	M
AFB156	AI/79	rack5	9	2	FALSE	FALSE	9	AFB	30521	40521	60521	ABYA	ZL		11	COV	F7	68	72	T6	AFB156	34	M
AFB156	AI/79	rack5	9	2	FALSE	FALSE	9	AFB	30521	40521	60521	ABYA	ZL		11	IAV	F7	67	71	T6	AFB156	34	M
AFB156	AI/79	rack5	9	2	FALSE	FALSE	9	AFB	30521	40521	60521	ABYA	ZL		11	NS	F7	65	69	T6	AFB156	34	M
AFB157	AI/79	rack5	9	3	FALSE	FALSE	9	AFB	30521	40521	60521	ABYA	ZL		12	COV	F9	65	69	T6	AFB157	27	M
AFB157	AI/79	rack5	9	3	FALSE	FALSE	9	AFB	30521	40521	60521	ABYA	ZL		12	IAV	F9	68	72	T6	AFB157	27	M
AFB157	AI/79	rack5	9	3	FALSE	FALSE	9	AFB	30521	40521	60521	ABYA	ZL		12	NS	F9	66	70	T6	AFB157	27	M
AFB158	AI/79	rack5	10	2	FALSE	FALSE	10	AFB	40521	50521	60521	ABYA	YA		9	COV	F3	74	78	T6	AFB158	49	M
AFB158	AI/79	rack5	10	2	FALSE	FALSE	10	AFB	40521	50521	60521	ABYA	YA		9	IAV	F3	73	77	T6	AFB158	49	M
AFB158	AI/79	rack5	10	2	FALSE	FALSE	10	AFB	40521	50521	60521	ABYA	YA		9	NS	F3	75	79	T6	AFB158	49	M
AFB160	AI/86	rack5	10	3	FALSE	FALSE	10	AFB	40521	50521	60521	ABYA	YA		10	COV	F5	75	79	T6	AFB160	37	M
AFB160	AI/86	rack5	10	3	FALSE	FALSE	10	AFB	40521	50521	60521	ABYA	YA		10	IAV	F5	74	78	T6	AFB160	37	M
AFB160	AI/86	rack5	10	3	FALSE	FALSE	10	AFB	40521	50521	60521	ABYA	YA		10	NS	F5	76	80	T6	AFB160	37	M
AFB161	AI/86	rack5	10	2	FALSE	FALSE	10	AFB	40521	50521	60521	ABYA	YA		11	COV	F7	76	80	T6	AFB161	38	M
AFB161	AI/86	rack5	10	2	FALSE	FALSE	10	AFB	40521	50521	60521	ABYA	YA		11	IAV	F7	75	79	T6	AFB161	38	M
AFB161	AI/86	rack5	10	2	FALSE	FALSE	10	AFB	40521	50521	60521	ABYA	YA		11	NS	F7	73	77	T6	AFB161	38	M
AFB165	AI/90	Unk	3	3	FALSE	FALSE	3	AFB	120421	130421	150421	ABYA	ZL		10	COV	F5	19	23	T6	AFB165	38	M
AFB165	AI/90	Unk	3	3	FALSE	FALSE	3	AFB	120421	130421	150421	ABYA	ZL		10	IAV	F5	18	22	T6	AFB165	38	M
AFB165	AI/90	Unk	3	3	FALSE	FALSE	3	AFB	120421	130421	150421	ABYA	ZL		10	NS	F5	20	24	T6	AFB165	38	M
AFB167	AI/90	Unk	3	2	FALSE	FALSE	3	AFB	120421	130421	150421	ABYA	ZL		11	COV	F7	20	24	T6	AFB167	30	M
AFB167	AI/90	Unk	3	2	FALSE	FALSE	3	AFB	120421	130421	150421	ABYA	ZL		11	IAV	F7	19	23	T6	AFB167	30	M
AFB167	AI/90	Unk	3	2	FALSE	FALSE	3	AFB	120421	130421	150421	ABYA	ZL		11	NS	F7	17	21	T6	AFB167	30	M
AFB171	AI/90	Unk	3	3	FALSE	FALSE	3	AFB	120421	130421	150421	ABYA	ZL		12	COV	F9	17	21	T6	AFB171	32	M
AFB171	AI/90	Unk	3	3	FALSE	FALSE	3	AFB	120421	130421	150421	ABYA	ZL		12	IAV	F9	20	24	T6	AFB171	32	M
AFB171	AI/90	Unk	3	3	FALSE	FALSE	3	AFB	120421	130421	150421	ABYA	ZL		12	NS	F9	18	22	T6	AFB171	32	M
AFB173	AI/90	Unk	4	3	TRUE	FALSE	6	AFB	130421	140421	150421	ABYA	YA		7	COV	D7	44	48	T6	AFB173	35	M
AFB173	AI/90	Unk	4	3	TRUE	FALSE	6	AFB	130421	140421	150421	ABYA	YA		7	IAV	D7	43	47	T6	AFB173	35	M
AFB173	AI/90	Unk	4	3	TRUE	FALSE	6	AFB	130421	140421	150421	ABYA	YA		7	NS	D7	41	45	T6	AFB173	35	M
AFB174	AI/86	rack5	10	2	FALSE	FALSE	10	AFB	40521	50521	60521	ABYA	YA		12	COV	F9	73	77	T6	AFB174	47	M
AFB174	AI/86	rack5	10	2	FALSE	FALSE	10	AFB	40521	50521	60521	ABYA	YA		12	IAV	F9	76	80	T6	AFB174	47	M
AFB174	AI/86	rack5	10	2	FALSE	FALSE	10	AFB	40521	50521	60521	ABYA	YA		12	NS	F9	74	78	T6	AFB174	47	M
AFB175	AI/86	rack5	8	3	TRUE	FALSE	7	AFB	270421	280421	290421	ABYA	YA		7	COV	D7	52	56	T6	AFB175	28	M
AFB175	AI/86	rack5	8	3	TRUE	FALSE	7	AFB	270421	280421	290421	ABYA	YA		7	IAV	D7	51	55	T6	AFB175	28	M
AFB175	AI/86	rack5	8	3	TRUE	FALSE	7	AFB	270421	280421	290421	ABYA	YA		7	NS	D7	49	53	T6	AFB175	28	M
AFB179	AI/86	rack5	7	3	FALSE	FALSE	8	AFB	260421	270421	290421	ABYA	ZL		12	COV	F9	57	61	T6	AFB179	28	M
AFB179	AI/86	rack5	7	3	FALSE	FALSE	8	AFB	260421	270421	290421	ABYA	ZL		12	IAV	F9	60	64	T6	AFB179	28	M
AFB179	AI/86	rack5	7	3	FALSE	FALSE	8	AFB	260421	270421	290421	ABYA	ZL		12	NS	F9	58	62	T6	AFB179	28	M
AFB183	AI/94	rack6	5	2	FALSE	FALSE	4	AFB	190421	200421	220421	ABYA	ZL		12	COV	F9	25	29	T6	AFB183	32	M
AFB183	AI/94	rack6	5	2	FALSE	FALSE	4	AFB	190421	200421	220421	ABYA	ZL		12	IAV	F9	28	32	T6	AFB183	32	M
AFB183	AI/94	rack6	5	2	FALSE	FALSE	4	AFB	190421	200421	220421	ABYA	ZL		12	NS	F9	26	30	T6	AFB183	32	M
AFB187	AI/94	rack6	6	3	FALSE	FALSE	5	AFB	200421	210421	220421	ABYA	YA		9	COV	F3	34	38	T6	AFB187	35	M
AFB187	AI/94	rack6	6	3	FALSE	FALSE	5	AFB	200421	210421	220421	ABYA	YA		9	IAV	F3	33	37	T6	AFB187	35	M
AFB187	AI/94	rack6	6	3	FALSE	FALSE	5	AFB	200421	210421	220421	ABYA	YA		9	NS	F3	35	39	T6	AFB187	35	M
AFB188	AI/94	rack6	4	3	TRUE	FALSE	6	AFB	130421	140421	150421	ABYA	YA		8	COV	D9	41	45	T6	AFB188	38	M
AFB188	AI/94	rack6	4	3	TRUE	FALSE	6	AFB	130421	140421	150421	ABYA	YA		8	IAV	D9	44	48	T6	AFB188	38	M
AFB188	AI/94	rack6	4	3	TRUE	FALSE	6	AFB	130421	140421	150421	ABYA	YA		8	NS	D9	42	46	T6	AFB188	38	M
AFB189	AI/94	rack6	6	3	FALSE	FALSE	5	AFB	200421	210421	220421	ABYA	YA		10	COV	F5	35	39	T6	AFB189	40	M
AFB189	AI/94	rack6	6	3	FALSE	FALSE	5	AFB	200421	210421	220421	ABYA	YA		10	IAV	F5	34	38	T6	AFB189	40	M
AFB189	AI/94	rack6	6	3	FALSE	FALSE	5	AFB	200421	210421	220421	ABYA	YA		10	NS	F5	36	40	T6	AFB189	40	M
AFB190	AI/94	rack6	6	3	FALSE	FALSE	5	AFB	200421	210421	220421	ABYA	YA		11	COV	F7	36	40	T6	AFB190	38	M
AFB190	AI/94	rack6	6	3	FALSE	FALSE	5	AFB	200421	210421	220421	ABYA	YA		11	IAV	F7	35	39	T6	AFB190	38	M
AFB190	AI/94	rack6	6	3	FALSE	FALSE	5	AFB	200421	210421	220421	ABYA	YA		11	NS	F7	33	37	T6	AFB190	38	M
AFB193	AI/94	rack6	6	2	FALSE	FALSE	5	AFB	200421	210421	220421	ABYA	YA		12	COV	F9	33	37	T6	AFB193	31	M
AFB193	AI/94	rack6	6	2	FALSE	FALSE	5	AFB	200421	210421	220421	ABYA	YA		12	IAV	F9	36	40	T6	AFB193	31	M
AFB193	AI/94	rack6	6	2	FALSE	FALSE	5	AFB	200421	210421	220421	ABYA	YA		12	NS	F9	34	38	T6	AFB193	31	M
AFB198	AI/79	rack5	11	3	FALSE	FALSE	12	AFB	100521	110521	130521	ABYA	YA		12	COV	F9	89	93	T6	AFB198	36	M
AFB198	AI/79	rack5	11	3	FALSE	FALSE	12	AFB	100521	110521	130521	ABYA	YA		12	IAV	F9	92	96	T6	AFB198	36	M
AFB198	AI/79	rack5	11	3	FALSE	FALSE	12	AFB	100521	110521	130521	ABYA	YA		12	NS	F9	90	94	T6	AFB198	36	M
AFB202	AI/79	rack5	8	3	TRUE	FALSE	7	AFB	270421	280421	290421	ABYA	YA		8	COV	D9	49	53	T6	AFB169	45	M
AFB202	AI/79	rack5	8	3	TRUE	FALSE	7	AFB	270421	280421	290421	ABYA	YA		8	IAV	D9	52	56	T6	AFB169	45	M
AFB202	AI/79	rack5	8	3	TRUE	FALSE	7	AFB	270421	280421	290421	ABYA	YA		8	NS	D9	50	54	T6	AFB169	45	M
BP121	Buffy	Buffy	14	1	FALSE	FALSE	14	ASH	310521	10621	20621	ABYA	ZL		6	COV	D5	108	112	T6	ASH053	48	M
BP121	Buffy	Buffy	14	1	FALSE	FALSE	14	ASH	310521	10621	20621	ABYA	ZL		6	IAV	D5	107	111	T6	ASH053	48	M
BP121	Buffy	Buffy	14	1	FALSE	FALSE	14	ASH	310521	10621	20621	ABYA	ZL		6	NS	D5	105	109	T6	ASH053	48	M
BP344	Buffy	Buffy	13	1	FALSE	FALSE	13	ASH	180521	190521	200521	ABYA	YA		6	COV	D5	99	103	T6	ASH054	34	F
BP344	Buffy	Buffy	13	1	FALSE	FALSE	13	ASH	180521	190521	200521	ABYA	YA		6	IAV	D5	98	102	T6	ASH054	34	F
BP344	Buffy	Buffy	13	1	FALSE	FALSE	13	ASH	180521	190521	200521	ABYA	YA		6	NS	D5	100	104	T6	ASH054	34	F
BP371	Buffy	Buffy	13	1	FALSE	FALSE	13	ASH	180521	190521	200521	ABYA	YA		7	COV	D7	100	104	T6	ASH055	31	F
BP371	Buffy	Buffy	13	1	FALSE	FALSE	13	ASH	180521	190521	200521	ABYA	YA		7	IAV	D7	99	103	T6	ASH055	31	F
BP371	Buffy	Buffy	13	1	FALSE	FALSE	13	ASH	180521	190521	200521	ABYA	YA		7	NS	D7	97	101	T6	ASH055	31	F
BP459	Buffy	Buffy	14	2	FALSE	FALSE	14	ASH	310521	10621	20621	ABYA	ZL		7	COV	D7	105	109	T6	ASH056	27	F
BP459	Buffy	Buffy	14	2	FALSE	FALSE	14	ASH	310521	10621	20621	ABYA	ZL		7	IAV	D7	108	112	T6	ASH056	27	F
BP459	Buffy	Buffy	14	2	FALSE	FALSE	14	ASH	310521	10621	20621	ABYA	ZL		7	NS	D7	106	110	T6	ASH056	27	F
BP789	Buffy	Buffy	13	1	FALSE	FALSE	13	ASH	180521	190521	200521	ABYA	YA		8	COV	D9	97	101	T6	ASH057	29	F
BP789	Buffy	Buffy	13	1	FALSE	FALSE	13	ASH	180521	190521	200521	ABYA	YA		8	IAV	D9	100	104	T6	ASH057	29	F
BP789	Buffy	Buffy	13	1	FALSE	FALSE	13	ASH	180521	190521	200521	ABYA	YA		8	NS	D9	98	102	T6	ASH057	29	F
EUB001	AH/90	rack4	4	4	TRUE	FALSE	6	EUB	130421	140421	150421	ABYA	YA		9	COV	F3	42	46	T6	EUB001	30	M
EUB001	AH/90	rack4	4	4	TRUE	FALSE	6	EUB	130421	140421	150421	ABYA	YA		9	IAV	F3	41	45	T6	EUB001	30	M
EUB001	AH/90	rack4	4	4	TRUE	FALSE	6	EUB	130421	140421	150421	ABYA	YA		9	NS	F3	43	47	T6	EUB001	30	M
EUB003	AH/90	rack4	11	2	FALSE	FALSE	12	EUB	100521	110521	130521	ABYA	YA		13	COV	H3	90	94	T6	EUB003	24	M
EUB003	AH/90	rack4	11	2	FALSE	FALSE	12	EUB	100521	110521	130521	ABYA	YA		13	IAV	H3	89	93	T6	EUB003	24	M
EUB003	AH/90	rack4	11	2	FALSE	FALSE	12	EUB	100521	110521	130521	ABYA	YA		13	NS	H3	91	95	T6	EUB003	24	M
EUB004	AH/90	rack4	13	3	FALSE	FALSE	13	EUB	180521	190521	200521	ABYA	YA		13	COV	H3	98	102	T6	EUB004	44	M
EUB004	AH/90	rack4	13	3	FALSE	FALSE	13	EUB	180521	190521	200521	ABYA	YA		13	IAV	H3	97	101	T6	EUB004	44	M
EUB004	AH/90	rack4	13	3	FALSE	FALSE	13	EUB	180521	190521	200521	ABYA	YA		13	NS	H3	99	103	T6	EUB004	44	M
EUB005	AH/90	rack4	1	7	TRUE	FALSE	1	EUB	50421	60421	80421	ABYA	ZL		9	COV	F3	2	6	T6	EUB005	28	M
EUB005	AH/90	rack4	1	7	TRUE	FALSE	1	EUB	50421	60421	80421	ABYA	ZL		9	IAV	F3	1	5	T6	EUB005	28	M
EUB005	AH/90	rack4	1	7	TRUE	FALSE	1	EUB	50421	60421	80421	ABYA	ZL		9	NS	F3	3	7	T6	EUB005	28	M
EUB006	AH/90	rack4	4	5	TRUE	FALSE	6	EUB	130421	140421	150421	ABYA	YA		10	COV	F5	43	47	T6	EUB006	23	M
EUB006	AH/90	rack4	4	5	TRUE	FALSE	6	EUB	130421	140421	150421	ABYA	YA		10	IAV	F5	42	46	T6	EUB006	23	M
EUB006	AH/90	rack4	4	5	TRUE	FALSE	6	EUB	130421	140421	150421	ABYA	YA		10	NS	F5	44	48	T6	EUB006	23	M
EUB007	AH/90	rack4	13	3	FALSE	FALSE	13	EUB	180521	190521	200521	ABYA	YA		14	COV	H5	99	103	T6	EUB007	24	M
EUB007	AH/90	rack4	13	3	FALSE	FALSE	13	EUB	180521	190521	200521	ABYA	YA		14	IAV	H5	98	102	T6	EUB007	24	M
EUB007	AH/90	rack4	13	3	FALSE	FALSE	13	EUB	180521	190521	200521	ABYA	YA		14	NS	H5	100	104	T6	EUB007	24	M
EUB011	AH/90	rack4	8	5	TRUE	FALSE	7	EUB	270421	280421	290421	ABYA	YA		9	COV	F3	50	54	T6	EUB011	20	M
EUB011	AH/90	rack4	8	5	TRUE	FALSE	7	EUB	270421	280421	290421	ABYA	YA		9	IAV	F3	49	53	T6	EUB011	20	M
EUB011	AH/90	rack4	8	5	TRUE	FALSE	7	EUB	270421	280421	290421	ABYA	YA		9	NS	F3	51	55	T6	EUB011	20	M
EUB013	AH/90	rack4	14	5	FALSE	FALSE	14	EUB	310521	10621	20621	ABYA	ZL		12	IAV	F9	105	109	T6	EUB013	31	M
EUB013	AH/90	rack4	14	5	FALSE	FALSE	14	EUB	310521	10621	20621	ABYA	ZL		12	COV	F9	106	110	T6	EUB013	31	M
EUB013	AH/90	rack4	14	5	FALSE	FALSE	14	EUB	310521	10621	20621	ABYA	ZL		12	NS	F9	107	111	T6	EUB013	31	M
EUB014	AH/90	rack4	14	2	FALSE	FALSE	14	EUB	310521	10621	20621	ABYA	ZL		13	IAV	H3	106	110	T6	EUB014	27	M
EUB014	AH/90	rack4	14	2	FALSE	FALSE	14	EUB	310521	10621	20621	ABYA	ZL		13	COV	H3	107	111	T6	EUB014	27	M
EUB014	AH/90	rack4	14	2	FALSE	FALSE	14	EUB	310521	10621	20621	ABYA	ZL		13	NS	H3	108	112	T6	EUB014	27	M
EUB015	AH/98	rack4	14	4	FALSE	FALSE	14	EUB	310521	10621	20621	ABYA	ZL		14	IAV	H5	107	111	T6	EUB015	22	M
EUB015	AH/98	rack4	14	4	FALSE	FALSE	14	EUB	310521	10621	20621	ABYA	ZL		14	COV	H5	108	112	T6	EUB015	22	M
EUB015	AH/98	rack4	14	4	FALSE	FALSE	14	EUB	310521	10621	20621	ABYA	ZL		14	NS	H5	105	109	T6	EUB015	22	M
EUB016	AH/98	rack4	14	5	FALSE	FALSE	14	EUB	310521	10621	20621	ABYA	ZL		15	IAV	H7	108	112	T6	EUB016	24	M
EUB016	AH/98	rack4	14	5	FALSE	FALSE	14	EUB	310521	10621	20621	ABYA	ZL		15	COV	H7	105	109	T6	EUB016	24	M
EUB016	AH/98	rack4	14	5	FALSE	FALSE	14	EUB	310521	10621	20621	ABYA	ZL		15	NS	H7	106	110	T6	EUB016	24	M
EUB023	AH/98	rack4	8	3	TRUE	FALSE	7	EUB	270421	280421	290421	ABYA	YA		10	COV	F5	51	55	T6	EUB023	30	M
EUB023	AH/98	rack4	8	3	TRUE	FALSE	7	EUB	270421	280421	290421	ABYA	YA		10	IAV	F5	50	54	T6	EUB023	30	M
EUB023	AH/98	rack4	8	3	TRUE	FALSE	7	EUB	270421	280421	290421	ABYA	YA		10	NS	F5	52	56	T6	EUB023	30	M
EUB025	AH/98	rack4	8	3	TRUE	FALSE	7	EUB	270421	280421	290421	ABYA	YA		11	COV	F7	52	56	T6	EUB025	31	M
EUB025	AH/98	rack4	8	3	TRUE	FALSE	7	EUB	270421	280421	290421	ABYA	YA		11	IAV	F7	51	55	T6	EUB025	31	M
EUB025	AH/98	rack4	8	3	TRUE	FALSE	7	EUB	270421	280421	290421	ABYA	YA		11	NS	F7	49	53	T6	EUB025	31	M
EUB027	AH/98	rack4	8	4	TRUE	FALSE	7	EUB	270421	280421	290421	ABYA	YA		12	COV	F9	49	53	T6	EUB027	44	M
EUB027	AH/98	rack4	8	4	TRUE	FALSE	7	EUB	270421	280421	290421	ABYA	YA		12	IAV	F9	52	56	T6	EUB027	44	M
EUB027	AH/98	rack4	8	4	TRUE	FALSE	7	EUB	270421	280421	290421	ABYA	YA		12	NS	F9	50	54	T6	EUB027	44	M
EUB028	AI/07	rack4	13	6	FALSE	FALSE	13	EUB	180521	190521	200521	ABYA	YA		15	COV	H7	100	104	T6	EUB028	29	M
EUB028	AI/07	rack4	13	6	FALSE	FALSE	13	EUB	180521	190521	200521	ABYA	YA		15	IAV	H7	99	103	T6	EUB028	29	M
EUB028	AI/07	rack4	13	6	FALSE	FALSE	13	EUB	180521	190521	200521	ABYA	YA		15	NS	H7	97	101	T6	EUB028	29	M
EUB029	AI/07	rack4	8	4	TRUE	FALSE	7	EUB	270421	280421	290421	ABYA	YA		13	COV	H3	50	54	T6	EUB029	45	M
EUB029	AI/07	rack4	8	4	TRUE	FALSE	7	EUB	270421	280421	290421	ABYA	YA		13	IAV	H3	49	53	T6	EUB029	45	M
EUB029	AI/07	rack4	8	4	TRUE	FALSE	7	EUB	270421	280421	290421	ABYA	YA		13	NS	H3	51	55	T6	EUB029	45	M
EUB048	AH/98	rack4	2	7	TRUE	FALSE	2	EUB	60421	70421	80421	ABYA	MO		9	COV	F3	10	14	T6	EUB048	32	M
EUB048	AH/98	rack4	2	7	TRUE	FALSE	2	EUB	60421	70421	80421	ABYA	MO		9	IAV	F3	9	13	T6	EUB048	32	M
EUB048	AH/98	rack4	2	7	TRUE	FALSE	2	EUB	60421	70421	80421	ABYA	MO		9	NS	F3	11	15	T6	EUB048	32	M
EUB053	AH/98	rack4	8	4	TRUE	FALSE	7	EUB	270421	280421	290421	ABYA	YA		14	COV	H5	51	55	T6	EUB053	27	M
EUB053	AH/98	rack4	8	4	TRUE	FALSE	7	EUB	270421	280421	290421	ABYA	YA		14	IAV	H5	50	54	T6	EUB053	27	M
EUB053	AH/98	rack4	8	4	TRUE	FALSE	7	EUB	270421	280421	290421	ABYA	YA		14	NS	H5	52	56	T6	EUB053	27	M
EUB058	AI/15	rack4	11	2	FALSE	FALSE	12	EUB	100521	110521	130521	ABYA	YA		14	COV	H5	91	95	T6	EUB058	50	M
EUB058	AI/15	rack4	11	2	FALSE	FALSE	12	EUB	100521	110521	130521	ABYA	YA		14	IAV	H5	90	94	T6	EUB058	50	M
EUB058	AI/15	rack4	11	2	FALSE	FALSE	12	EUB	100521	110521	130521	ABYA	YA		14	NS	H5	92	96	T6	EUB058	50	M
EUB061	AI/15	rack4	11	2	FALSE	FALSE	12	EUB	100521	110521	130521	ABYA	YA		15	COV	H7	92	96	T6	EUB061	49	M
EUB061	AI/15	rack4	11	2	FALSE	FALSE	12	EUB	100521	110521	130521	ABYA	YA		15	IAV	H7	91	95	T6	EUB061	49	M
EUB061	AI/15	rack4	11	2	FALSE	FALSE	12	EUB	100521	110521	130521	ABYA	YA		15	NS	H7	89	93	T6	EUB061	49	M
EUB062	AI/15	rack4	2	3	TRUE	FALSE	2	EUB	60421	70421	80421	ABYA	MO		10	COV	F5	11	15	T6	EUB062	31	M
EUB062	AI/15	rack4	2	3	TRUE	FALSE	2	EUB	60421	70421	80421	ABYA	MO		10	IAV	F5	10	14	T6	EUB062	31	M
EUB062	AI/15	rack4	2	3	TRUE	FALSE	2	EUB	60421	70421	80421	ABYA	MO		10	NS	F5	12	16	T6	EUB062	31	M
EUB065	AI/31	rack3	12	5	TRUE	FALSE	11	EUB	110521	120521	130521	ABYA	MO		9	COV	F3	82	86	T6	EUB065	41	M
EUB065	AI/31	rack3	12	5	TRUE	FALSE	11	EUB	110521	120521	130521	ABYA	MO		9	IAV	F3	81	85	T6	EUB065	41	M
EUB065	AI/31	rack3	12	5	TRUE	FALSE	11	EUB	110521	120521	130521	ABYA	MO		9	NS	F3	83	87	T6	EUB065	41	M
EUB066	AI/15	rack4	8	4	TRUE	FALSE	7	EUB	270421	280421	290421	ABYA	YA		15	COV	H7	52	56	T6	EUB066	28	M
EUB066	AI/15	rack4	8	4	TRUE	FALSE	7	EUB	270421	280421	290421	ABYA	YA		15	IAV	H7	51	55	T6	EUB066	28	M
EUB066	AI/15	rack4	8	4	TRUE	FALSE	7	EUB	270421	280421	290421	ABYA	YA		15	NS	H7	49	53	T6	EUB066	28	M
EUB072	AI/16	rack4	8	3	TRUE	FALSE	7	EUB	270421	280421	290421	ABYA	YA		16	COV	H9	49	53	T6	EUB072	47	M
EUB072	AI/16	rack4	8	3	TRUE	FALSE	7	EUB	270421	280421	290421	ABYA	YA		16	IAV	H9	52	56	T6	EUB072	47	M
EUB072	AI/16	rack4	8	3	TRUE	FALSE	7	EUB	270421	280421	290421	ABYA	YA		16	NS	H9	50	54	T6	EUB072	47	M
EUB074	AI/16	rack4	13	2	FALSE	FALSE	13	EUB	180521	190521	200521	ABYA	YA		16	COV	H9	97	101	T6	EUB074	45	M
EUB074	AI/16	rack4	13	2	FALSE	FALSE	13	EUB	180521	190521	200521	ABYA	YA		16	IAV	H9	100	104	T6	EUB074	45	M
EUB074	AI/16	rack4	13	2	FALSE	FALSE	13	EUB	180521	190521	200521	ABYA	YA		16	NS	H9	98	102	T6	EUB074	45	M
EUB089	AI/39	rack6	3	5	FALSE	FALSE	3	EUB	120421	130421	150421	ABYA	ZL		13	COV	H3	18	22	T6	EUB089	29	M
EUB089	AI/39	rack6	3	5	FALSE	FALSE	3	EUB	120421	130421	150421	ABYA	ZL		13	IAV	H3	17	21	T6	EUB089	29	M
EUB089	AI/39	rack6	3	5	FALSE	FALSE	3	EUB	120421	130421	150421	ABYA	ZL		13	NS	H3	19	23	T6	EUB089	29	M
EUB090	AI/39	rack6	3	4	FALSE	FALSE	3	EUB	120421	130421	150421	ABYA	ZL		14	COV	H5	19	23	T6	EUB090	39	M
EUB090	AI/39	rack6	3	4	FALSE	FALSE	3	EUB	120421	130421	150421	ABYA	ZL		14	IAV	H5	18	22	T6	EUB090	39	M
EUB090	AI/39	rack6	3	4	FALSE	FALSE	3	EUB	120421	130421	150421	ABYA	ZL		14	NS	H5	20	24	T6	EUB090	39	M
EUB091	AI/39	rack6	5	2	FALSE	FALSE	4	EUB	190421	200421	220421	ABYA	ZL		13	COV	H3	26	30	T6	EUB091	23	M
EUB091	AI/39	rack6	5	2	FALSE	FALSE	4	EUB	190421	200421	220421	ABYA	ZL		13	IAV	H3	25	29	T6	EUB091	23	M
EUB091	AI/39	rack6	5	2	FALSE	FALSE	4	EUB	190421	200421	220421	ABYA	ZL		13	NS	H3	27	31	T6	EUB091	23	M
EUB093	AI/39	rack6	5	4	FALSE	FALSE	4	EUB	190421	200421	220421	ABYA	ZL		14	COV	H5	27	31	T6	EUB093	24	M
EUB093	AI/39	rack6	5	4	FALSE	FALSE	4	EUB	190421	200421	220421	ABYA	ZL		14	IAV	H5	26	30	T6	EUB093	24	M
EUB093	AI/39	rack6	5	4	FALSE	FALSE	4	EUB	190421	200421	220421	ABYA	ZL		14	NS	H5	28	32	T6	EUB093	24	M
EUB095	AI/39	rack6	5	2	FALSE	FALSE	4	EUB	190421	200421	220421	ABYA	ZL		15	COV	H7	28	32	T6	EUB095	21	M
EUB095	AI/39	rack6	5	2	FALSE	FALSE	4	EUB	190421	200421	220421	ABYA	ZL		15	IAV	H7	27	31	T6	EUB095	21	M
EUB095	AI/39	rack6	5	2	FALSE	FALSE	4	EUB	190421	200421	220421	ABYA	ZL		15	NS	H7	25	29	T6	EUB095	21	M
EUB096	AI/39	rack6	3	2	FALSE	FALSE	3	EUB	120421	130421	150421	ABYA	ZL		15	COV	H7	20	24	T6	EUB096	21	M
EUB096	AI/39	rack6	3	2	FALSE	FALSE	3	EUB	120421	130421	150421	ABYA	ZL		15	IAV	H7	19	23	T6	EUB096	21	M
EUB096	AI/39	rack6	3	2	FALSE	FALSE	3	EUB	120421	130421	150421	ABYA	ZL		15	NS	H7	17	21	T6	EUB096	21	M
EUB098	AI/48	rack4	12	4	TRUE	FALSE	11	EUB	110521	120521	130521	ABYA	MO		10	COV	F5	83	87	T6	EUB098	28	M
EUB098	AI/48	rack4	12	4	TRUE	FALSE	11	EUB	110521	120521	130521	ABYA	MO		10	IAV	F5	82	86	T6	EUB098	28	M
EUB098	AI/48	rack4	12	4	TRUE	FALSE	11	EUB	110521	120521	130521	ABYA	MO		10	NS	F5	84	88	T6	EUB098	28	M
EUB103	AI/48	rack4	2	6	TRUE	FALSE	2	EUB	60421	70421	80421	ABYA	MO		11	COV	F7	12	16	T6	EUB103	21	M
EUB103	AI/48	rack4	2	6	TRUE	FALSE	2	EUB	60421	70421	80421	ABYA	MO		11	IAV	F7	11	15	T6	EUB103	21	M
EUB103	AI/48	rack4	2	6	TRUE	FALSE	2	EUB	60421	70421	80421	ABYA	MO		11	NS	F7	9	13	T6	EUB103	21	M
EUB106	AI/53	rack6	3	3	FALSE	FALSE	3	EUB	120421	130421	150421	ABYA	ZL		16	COV	H9	17	21	T6	EUB106	42	M
EUB106	AI/53	rack6	3	3	FALSE	FALSE	3	EUB	120421	130421	150421	ABYA	ZL		16	IAV	H9	20	24	T6	EUB106	42	M
EUB106	AI/53	rack6	3	3	FALSE	FALSE	3	EUB	120421	130421	150421	ABYA	ZL		16	NS	H9	18	22	T6	EUB106	42	M
EUB107	AI/53	rack6	4	4	TRUE	FALSE	6	EUB	130421	140421	150421	ABYA	YA		11	COV	F7	44	48	T6	EUB107	24	M
EUB107	AI/53	rack6	4	4	TRUE	FALSE	6	EUB	130421	140421	150421	ABYA	YA		11	IAV	F7	43	47	T6	EUB107	24	M
EUB107	AI/53	rack6	4	4	TRUE	FALSE	6	EUB	130421	140421	150421	ABYA	YA		11	NS	F7	41	45	T6	EUB107	24	M
EUB109	AI/53	rack6	5	3	FALSE	FALSE	4	EUB	190421	200421	220421	ABYA	ZL		16	COV	H9	25	29	T6	EUB109	23	M
EUB109	AI/53	rack6	5	3	FALSE	FALSE	4	EUB	190421	200421	220421	ABYA	ZL		16	IAV	H9	28	32	T6	EUB109	23	M
EUB109	AI/53	rack6	5	3	FALSE	FALSE	4	EUB	190421	200421	220421	ABYA	ZL		16	NS	H9	26	30	T6	EUB109	23	M
EUB112	AI/53	rack6	6	3	FALSE	FALSE	5	EUB	200421	210421	220421	ABYA	YA		13	COV	H3	34	38	T6	EUB112	21	M
EUB112	AI/53	rack6	6	3	FALSE	FALSE	5	EUB	200421	210421	220421	ABYA	YA		13	IAV	H3	33	37	T6	EUB112	21	M
EUB112	AI/53	rack6	6	3	FALSE	FALSE	5	EUB	200421	210421	220421	ABYA	YA		13	NS	H3	35	39	T6	EUB112	21	M
EUB114	AI/53	rack6	6	5	FALSE	FALSE	5	EUB	200421	210421	220421	ABYA	YA		14	COV	H5	35	39	T6	EUB114	21	M
EUB114	AI/53	rack6	6	5	FALSE	FALSE	5	EUB	200421	210421	220421	ABYA	YA		14	IAV	H5	34	38	T6	EUB114	21	M
EUB114	AI/53	rack6	6	5	FALSE	FALSE	5	EUB	200421	210421	220421	ABYA	YA		14	NS	H5	36	40	T6	EUB114	21	M
EUB115	AI/56	rack2	12	3	TRUE	FALSE	11	EUB	110521	120521	130521	ABYA	MO		11	COV	F7	84	88	T6	EUB115	25	M
EUB115	AI/56	rack2	12	3	TRUE	FALSE	11	EUB	110521	120521	130521	ABYA	MO		11	IAV	F7	83	87	T6	EUB115	25	M
EUB115	AI/56	rack2	12	3	TRUE	FALSE	11	EUB	110521	120521	130521	ABYA	MO		11	NS	F7	81	85	T6	EUB115	25	M
EUB116	AI/53	rack6	6	5	FALSE	FALSE	5	EUB	200421	210421	220421	ABYA	YA		15	COV	H7	36	40	T6	EUB116	47	M
EUB116	AI/53	rack6	6	5	FALSE	FALSE	5	EUB	200421	210421	220421	ABYA	YA		15	IAV	H7	35	39	T6	EUB116	47	M
EUB116	AI/53	rack6	6	5	FALSE	FALSE	5	EUB	200421	210421	220421	ABYA	YA		15	NS	H7	33	37	T6	EUB116	47	M
EUB119	AI/56	rack2	12	4	TRUE	FALSE	11	EUB	110521	120521	130521	ABYA	MO		12	COV	F9	81	85	T6	EUB119	32	M
EUB119	AI/56	rack2	12	4	TRUE	FALSE	11	EUB	110521	120521	130521	ABYA	MO		12	IAV	F9	84	88	T6	EUB119	32	M
EUB119	AI/56	rack2	12	4	TRUE	FALSE	11	EUB	110521	120521	130521	ABYA	MO		12	NS	F9	82	86	T6	EUB119	32	M
EUB121			0			TRUE	0	EUB	80221	90221	100221	ABYA	MOZL		5	T0		113	114	T0	EUB121	23	M
EUB121			0			TRUE	0	EUB	80221	90221	100221	ABYA	MOZL		5	NS		117	120	T6	EUB121	23	M
EUB121			0			TRUE	0	EUB	80221	90221	100221	ABYA	MOZL		5	COV		116	118	T6	EUB121	23	M
EUB121			0			TRUE	0	EUB	80221	90221	100221	ABYA	MOZL		5	IAV		115	119	T6	EUB121	23	M
EUB121			0			TRUE	0	EUB	80221	90221	100221	ABYA	MOZL		5	NS		122	126	T24	EUB121	23	M
EUB121			0			TRUE	0	EUB	80221	90221	100221	ABYA	MOZL		5	COV		121	123	T24	EUB121	23	M
EUB121			0			TRUE	0	EUB	80221	90221	100221	ABYA	MOZL		5	IAV		124	125	T24	EUB121	23	M
EUB125			0			TRUE	0	EUB	80221	90221	100221	ABYA	MOZL		6	T0		113	114	T0	EUB125	30	M
EUB125			0			TRUE	0	EUB	80221	90221	100221	ABYA	MOZL		6	NS		117	120	T6	EUB125	30	M
EUB125			0			TRUE	0	EUB	80221	90221	100221	ABYA	MOZL		6	COV		118	119	T6	EUB125	30	M
EUB125			0			TRUE	0	EUB	80221	90221	100221	ABYA	MOZL		6	IAV		115	116	T6	EUB125	30	M
EUB125			0			TRUE	0	EUB	80221	90221	100221	ABYA	MOZL		6	NS		123	126	T24	EUB125	30	M
EUB125			0			TRUE	0	EUB	80221	90221	100221	ABYA	MOZL		6	COV		122	124	T24	EUB125	30	M
EUB125			0			TRUE	0	EUB	80221	90221	100221	ABYA	MOZL		6	IAV		121	125	T24	EUB125	30	M
EUB143	AI/56	rack2	12	4	TRUE	FALSE	11	EUB	110521	120521	130521	ABYA	MO		13	COV	H3	82	86	T6	EUB143	21	M
EUB143	AI/56	rack2	12	4	TRUE	FALSE	11	EUB	110521	120521	130521	ABYA	MO		13	IAV	H3	81	85	T6	EUB143	21	M
EUB143	AI/56	rack2	12	4	TRUE	FALSE	11	EUB	110521	120521	130521	ABYA	MO		13	NS	H3	83	87	T6	EUB143	21	M
EUB147			0			TRUE	0	EUB	80221	90221	100221	ABYA	MOZL		7	T0		113	114	T0	EUB147	32	M
EUB147			0			TRUE	0	EUB	80221	90221	100221	ABYA	MOZL		7	NS		117	118	T6	EUB147	32	M
EUB147			0			TRUE	0	EUB	80221	90221	100221	ABYA	MOZL		7	COV		115	119	T6	EUB147	32	M
EUB147			0			TRUE	0	EUB	80221	90221	100221	ABYA	MOZL		7	IAV		116	120	T6	EUB147	32	M
EUB147			0			TRUE	0	EUB	80221	90221	100221	ABYA	MOZL		7	NS		123	126	T24	EUB147	32	M
EUB147			0			TRUE	0	EUB	80221	90221	100221	ABYA	MOZL		7	COV		124	125	T24	EUB147	32	M
EUB147			0			TRUE	0	EUB	80221	90221	100221	ABYA	MOZL		7	IAV		121	122	T24	EUB147	32	M
EUB151	AI/63	rack2	12	3	TRUE	FALSE	11	EUB	110521	120521	130521	ABYA	MO		14	COV	H5	83	87	T6	EUB151	25	M
EUB151	AI/63	rack2	12	3	TRUE	FALSE	11	EUB	110521	120521	130521	ABYA	MO		14	IAV	H5	82	86	T6	EUB151	25	M
EUB151	AI/63	rack2	12	3	TRUE	FALSE	11	EUB	110521	120521	130521	ABYA	MO		14	NS	H5	84	88	T6	EUB151	25	M
EUB154	AI/74	rack5	1	8	TRUE	FALSE	1	EUB	50421	60421	80421	ABYA	ZL		10	COV	F5	3	7	T6	EUB154	22	M
EUB154	AI/74	rack5	1	8	TRUE	FALSE	1	EUB	50421	60421	80421	ABYA	ZL		10	IAV	F5	2	6	T6	EUB154	22	M
EUB154	AI/74	rack5	1	8	TRUE	FALSE	1	EUB	50421	60421	80421	ABYA	ZL		10	NS	F5	4	8	T6	EUB154	22	M
EUB156			0			TRUE	0	EUB	80221	90221	100221	ABYA	MOZL		8	T0		113	114	T0	EUB156	36	M
EUB156			0			TRUE	0	EUB	80221	90221	100221	ABYA	MOZL		8	NS		118	119	T6	EUB156	36	M
EUB156			0			TRUE	0	EUB	80221	90221	100221	ABYA	MOZL		8	COV		115	120	T6	EUB156	36	M
EUB156			0			TRUE	0	EUB	80221	90221	100221	ABYA	MOZL		8	IAV		116		T6	EUB156	36	M
EUB156			0			TRUE	0	EUB	80221	90221	100221	ABYA	MOZL		8	NS		123	124	T24	EUB156	36	M
EUB156			0			TRUE	0	EUB	80221	90221	100221	ABYA	MOZL		8	COV		121	125	T24	EUB156	36	M
EUB156			0			TRUE	0	EUB	80221	90221	100221	ABYA	MOZL		8	IAV		122	126	T24	EUB156	36	M
EUB157	AI/74	rack5	9	5	FALSE	FALSE	9	EUB	30521	40521	60521	ABYA	ZL		13	COV	H3	66	70	T6	EUB157	27	M
EUB157	AI/74	rack5	9	5	FALSE	FALSE	9	EUB	30521	40521	60521	ABYA	ZL		13	IAV	H3	65	69	T6	EUB157	27	M
EUB157	AI/74	rack5	9	5	FALSE	FALSE	9	EUB	30521	40521	60521	ABYA	ZL		13	NS	H3	67	71	T6	EUB157	27	M
EUB158	AI/79	rack5	1	8	TRUE	FALSE	1	EUB	50421	60421	80421	ABYA	ZL		11	COV	F7	4	8	T6	EUB158	24	M
EUB158	AI/79	rack5	1	8	TRUE	FALSE	1	EUB	50421	60421	80421	ABYA	ZL		11	IAV	F7	3	7	T6	EUB158	24	M
EUB158	AI/79	rack5	1	8	TRUE	FALSE	1	EUB	50421	60421	80421	ABYA	ZL		11	NS	F7	1	5	T6	EUB158	24	M
EUB159	AI/74	rack5	9	3	FALSE	FALSE	9	EUB	30521	40521	60521	ABYA	ZL		14	COV	H5	67	71	T6	EUB159	25	M
EUB159	AI/74	rack5	9	3	FALSE	FALSE	9	EUB	30521	40521	60521	ABYA	ZL		14	IAV	H5	66	70	T6	EUB159	25	M
EUB159	AI/74	rack5	9	3	FALSE	FALSE	9	EUB	30521	40521	60521	ABYA	ZL		14	NS	H5	68	72	T6	EUB159	25	M
EUB161	AI/79	rack5	9	2	FALSE	FALSE	9	EUB	30521	40521	60521	ABYA	ZL		15	COV	H7	68	72	T6	EUB161	23	M
EUB161	AI/79	rack5	9	2	FALSE	FALSE	9	EUB	30521	40521	60521	ABYA	ZL		15	IAV	H7	67	71	T6	EUB161	23	M
EUB161	AI/79	rack5	9	2	FALSE	FALSE	9	EUB	30521	40521	60521	ABYA	ZL		15	NS	H7	65	69	T6	EUB161	23	M
EUB162	AI/79	rack5	9	2	FALSE	FALSE	9	EUB	30521	40521	60521	ABYA	ZL		16	COV	H9	65	69	T6	EUB162	28	M
EUB162	AI/79	rack5	9	2	FALSE	FALSE	9	EUB	30521	40521	60521	ABYA	ZL		16	IAV	H9	68	72	T6	EUB162	28	M
EUB162	AI/79	rack5	9	2	FALSE	FALSE	9	EUB	30521	40521	60521	ABYA	ZL		16	NS	H9	66	70	T6	EUB162	28	M
EUB165	AI/79	rack5	10	5	FALSE	FALSE	10	EUB	40521	50521	60521	ABYA	YA		13	COV	H3	74	78	T6	EUB165	24	M
EUB165	AI/79	rack5	10	5	FALSE	FALSE	10	EUB	40521	50521	60521	ABYA	YA		13	IAV	H3	73	77	T6	EUB165	24	M
EUB165	AI/79	rack5	10	5	FALSE	FALSE	10	EUB	40521	50521	60521	ABYA	YA		13	NS	H3	75	79	T6	EUB165	24	M
EUB167	AI/86	rack5	1	7	TRUE	FALSE	1	EUB	50421	60421	80421	ABYA	ZL		12	COV	F9	1	5	T6	EUB167	22	M
EUB167	AI/86	rack5	1	7	TRUE	FALSE	1	EUB	50421	60421	80421	ABYA	ZL		12	IAV	F9	4	8	T6	EUB167	22	M
EUB167	AI/86	rack5	1	7	TRUE	FALSE	1	EUB	50421	60421	80421	ABYA	ZL		12	NS	F9	2	6	T6	EUB167	22	M
EUB168	AI/79	rack5	10	2	FALSE	FALSE	10	EUB	40521	50521	60521	ABYA	YA		14	COV	H5	75	79	T6	EUB168	28	M
EUB168	AI/79	rack5	10	2	FALSE	FALSE	10	EUB	40521	50521	60521	ABYA	YA		14	IAV	H5	74	78	T6	EUB168	28	M
EUB168	AI/79	rack5	10	2	FALSE	FALSE	10	EUB	40521	50521	60521	ABYA	YA		14	NS	H5	76	80	T6	EUB168	28	M
EUB170	AI/86	rack5	10	5	FALSE	FALSE	10	EUB	40521	50521	60521	ABYA	YA		15	COV	H7	76	80	T6	EUB170	26	M
EUB170	AI/86	rack5	10	5	FALSE	FALSE	10	EUB	40521	50521	60521	ABYA	YA		15	IAV	H7	75	79	T6	EUB170	26	M
EUB170	AI/86	rack5	10	5	FALSE	FALSE	10	EUB	40521	50521	60521	ABYA	YA		15	NS	H7	73	77	T6	EUB170	26	M
EUB172	AI/86	rack5	10	2	FALSE	FALSE	10	EUB	40521	50521	60521	ABYA	YA		16	COV	H9	73	77	T6	EUB172	35	M
EUB172	AI/86	rack5	10	2	FALSE	FALSE	10	EUB	40521	50521	60521	ABYA	YA		16	IAV	H9	76	80	T6	EUB172	35	M
EUB172	AI/86	rack5	10	2	FALSE	FALSE	10	EUB	40521	50521	60521	ABYA	YA		16	NS	H9	74	78	T6	EUB172	35	M
EUB177	AI/87	rack2	12	5	TRUE	FALSE	11	EUB	110521	120521	130521	ABYA	MO		15	COV	H7	84	88	T6	EUB177	22	M
EUB177	AI/87	rack2	12	5	TRUE	FALSE	11	EUB	110521	120521	130521	ABYA	MO		15	IAV	H7	83	87	T6	EUB177	22	M
EUB177	AI/87	rack2	12	5	TRUE	FALSE	11	EUB	110521	120521	130521	ABYA	MO		15	NS	H7	81	85	T6	EUB177	22	M
EUB178	AI/87	rack2	2	6	TRUE	FALSE	2	EUB	60421	70421	80421	ABYA	MO		12	COV	F9	9	13	T6	EUB178	25	M
EUB178	AI/87	rack2	2	6	TRUE	FALSE	2	EUB	60421	70421	80421	ABYA	MO		12	IAV	F9	12	16	T6	EUB178	25	M
EUB178	AI/87	rack2	2	6	TRUE	FALSE	2	EUB	60421	70421	80421	ABYA	MO		12	NS	F9	10	14	T6	EUB178	25	M
EUB179	AI/87	rack2	12	3	TRUE	FALSE	11	EUB	110521	120521	130521	ABYA	MO		16	COV	H9	81	85	T6	EUB179	23	M
EUB179	AI/87	rack2	12	3	TRUE	FALSE	11	EUB	110521	120521	130521	ABYA	MO		16	IAV	H9	84	88	T6	EUB179	23	M
EUB179	AI/87	rack2	12	3	TRUE	FALSE	11	EUB	110521	120521	130521	ABYA	MO		16	NS	H9	82	86	T6	EUB179	23	M
EUB180	AI/87	rack2	1	10	TRUE	FALSE	1	EUB	50421	60421	80421	ABYA	ZL		13	COV	H3	2	6	T6	EUB180	30	M
EUB180	AI/87	rack2	1	10	TRUE	FALSE	1	EUB	50421	60421	80421	ABYA	ZL		13	IAV	H3	1	5	T6	EUB180	30	M
EUB180	AI/87	rack2	1	10	TRUE	FALSE	1	EUB	50421	60421	80421	ABYA	ZL		13	NS	H3	3	7	T6	EUB180	30	M
EUB181	AI/87	rack2	1	11	TRUE	FALSE	1	EUB	50421	60421	80421	ABYA	ZL		14	COV	H5	3	7	T6	EUB181	31	M
EUB181	AI/87	rack2	1	11	TRUE	FALSE	1	EUB	50421	60421	80421	ABYA	ZL		14	IAV	H5	2	6	T6	EUB181	31	M
EUB181	AI/87	rack2	1	11	TRUE	FALSE	1	EUB	50421	60421	80421	ABYA	ZL		14	NS	H5	4	8	T6	EUB181	31	M
EUB182	AI/87	rack2	2	7	TRUE	FALSE	2	EUB	60421	70421	80421	ABYA	MO		13	COV	H3	10	14	T6	EUB182	29	M
EUB182	AI/87	rack2	2	7	TRUE	FALSE	2	EUB	60421	70421	80421	ABYA	MO		13	IAV	H3	9	13	T6	EUB182	29	M
EUB182	AI/87	rack2	2	7	TRUE	FALSE	2	EUB	60421	70421	80421	ABYA	MO		13	NS	H3	11	15	T6	EUB182	29	M
EUB184	AI/87	rack2	2	6	TRUE	FALSE	2	EUB	60421	70421	80421	ABYA	MO		14	COV	H5	11	15	T6	EUB184	26	M
EUB184	AI/87	rack2	2	6	TRUE	FALSE	2	EUB	60421	70421	80421	ABYA	MO		14	IAV	H5	10	14	T6	EUB184	26	M
EUB184	AI/87	rack2	2	6	TRUE	FALSE	2	EUB	60421	70421	80421	ABYA	MO		14	NS	H5	12	16	T6	EUB184	26	M
EUB185	AI/90	Unk	4	7	TRUE	FALSE	6	EUB	130421	140421	150421	ABYA	YA		12	COV	F9	41	45	T6	EUB185	42	M
EUB185	AI/90	Unk	4	7	TRUE	FALSE	6	EUB	130421	140421	150421	ABYA	YA		12	IAV	F9	44	48	T6	EUB185	42	M
EUB185	AI/90	Unk	4	7	TRUE	FALSE	6	EUB	130421	140421	150421	ABYA	YA		12	NS	F9	42	46	T6	EUB185	42	M
EUB186	AI/86	rack5	1	9	TRUE	FALSE	1	EUB	50421	60421	80421	ABYA	ZL		15	COV	H7	4	8	T6	EUB186	27	M
EUB186	AI/86	rack5	1	9	TRUE	FALSE	1	EUB	50421	60421	80421	ABYA	ZL		15	IAV	H7	3	7	T6	EUB186	27	M
EUB186	AI/86	rack5	1	9	TRUE	FALSE	1	EUB	50421	60421	80421	ABYA	ZL		15	NS	H7	1	5	T6	EUB186	27	M
EUB187	AI/86	rack5	1	9	TRUE	FALSE	1	EUB	50421	60421	80421	ABYA	ZL		16	COV	H9	1	5	T6	EUB187	28	M
EUB187	AI/86	rack5	1	9	TRUE	FALSE	1	EUB	50421	60421	80421	ABYA	ZL		16	IAV	H9	4	8	T6	EUB187	28	M
EUB187	AI/86	rack5	1	9	TRUE	FALSE	1	EUB	50421	60421	80421	ABYA	ZL		16	NS	H9	2	6	T6	EUB187	28	M
EUB188	AI/86	rack5	11	4	FALSE	FALSE	12	EUB	100521	110521	130521	ABYA	YA		16	COV	H9	89	93	T6	EUB188	32	M
EUB188	AI/86	rack5	11	4	FALSE	FALSE	12	EUB	100521	110521	130521	ABYA	YA		16	IAV	H9	92	96	T6	EUB188	32	M
EUB188	AI/86	rack5	11	4	FALSE	FALSE	12	EUB	100521	110521	130521	ABYA	YA		16	NS	H9	90	94	T6	EUB188	32	M
EUB189	AI/94	rack6	2	6	TRUE	FALSE	2	EUB	60421	70421	80421	ABYA	MO		15	COV	H7	12	16	T6	EUB189	47	M
EUB189	AI/94	rack6	2	6	TRUE	FALSE	2	EUB	60421	70421	80421	ABYA	MO		15	IAV	H7	11	15	T6	EUB189	47	M
EUB189	AI/94	rack6	2	6	TRUE	FALSE	2	EUB	60421	70421	80421	ABYA	MO		15	NS	H7	9	13	T6	EUB189	47	M
EUB190	AI/94	rack6	6	5	FALSE	FALSE	5	EUB	200421	210421	220421	ABYA	YA		16	COV	H9	33	37	T6	EUB190	31	M
EUB190	AI/94	rack6	6	5	FALSE	FALSE	5	EUB	200421	210421	220421	ABYA	YA		16	IAV	H9	36	40	T6	EUB190	31	M
EUB190	AI/94	rack6	6	5	FALSE	FALSE	5	EUB	200421	210421	220421	ABYA	YA		16	NS	H9	34	38	T6	EUB190	31	M
EUB191	AI/94	rack6	7	5	FALSE	FALSE	8	EUB	260421	270421	290421	ABYA	ZL		13	COV	H3	58	62	T6	EUB191	28	M
EUB191	AI/94	rack6	7	5	FALSE	FALSE	8	EUB	260421	270421	290421	ABYA	ZL		13	IAV	H3	57	61	T6	EUB191	28	M
EUB191	AI/94	rack6	7	5	FALSE	FALSE	8	EUB	260421	270421	290421	ABYA	ZL		13	NS	H3	59	63	T6	EUB191	28	M
EUB193	AI/94	rack6	4	5	TRUE	FALSE	6	EUB	130421	140421	150421	ABYA	YA		13	COV	H3	42	46	T6	EUB193	28	M
EUB193	AI/94	rack6	4	5	TRUE	FALSE	6	EUB	130421	140421	150421	ABYA	YA		13	IAV	H3	41	45	T6	EUB193	28	M
EUB193	AI/94	rack6	4	5	TRUE	FALSE	6	EUB	130421	140421	150421	ABYA	YA		13	NS	H3	43	47	T6	EUB193	28	M
EUB194	AI/94	rack6	7	2	FALSE	FALSE	8	EUB	260421	270421	290421	ABYA	ZL		14	COV	H5	59	63	T6	EUB194	21	M
EUB194	AI/94	rack6	7	2	FALSE	FALSE	8	EUB	260421	270421	290421	ABYA	ZL		14	IAV	H5	58	62	T6	EUB194	21	M
EUB194	AI/94	rack6	7	2	FALSE	FALSE	8	EUB	260421	270421	290421	ABYA	ZL		14	NS	H5	60	64	T6	EUB194	21	M
EUB195	AI/94	rack6	7	2	FALSE	FALSE	8	EUB	260421	270421	290421	ABYA	ZL		15	COV	H7	60	64	T6	EUB195	25	M
EUB195	AI/94	rack6	7	2	FALSE	FALSE	8	EUB	260421	270421	290421	ABYA	ZL		15	IAV	H7	59	63	T6	EUB195	25	M
EUB195	AI/94	rack6	7	2	FALSE	FALSE	8	EUB	260421	270421	290421	ABYA	ZL		15	NS	H7	57	61	T6	EUB195	25	M
EUB196	AI/79	rack5	4	3	TRUE	FALSE	6	EUB	130421	140421	150421	ABYA	YA		14	COV	H5	43	47	T6	EUB196	25	M
EUB196	AI/79	rack5	4	3	TRUE	FALSE	6	EUB	130421	140421	150421	ABYA	YA		14	IAV	H5	42	46	T6	EUB196	25	M
EUB196	AI/79	rack5	4	3	TRUE	FALSE	6	EUB	130421	140421	150421	ABYA	YA		14	NS	H5	44	48	T6	EUB196	25	M
EUB198	AI/94	rack6	4	3	TRUE	FALSE	6	EUB	130421	140421	150421	ABYA	YA		15	COV	H7	44	48	T6	EUB198	33	M
EUB198	AI/94	rack6	4	3	TRUE	FALSE	6	EUB	130421	140421	150421	ABYA	YA		15	IAV	H7	43	47	T6	EUB198	33	M
EUB198	AI/94	rack6	4	3	TRUE	FALSE	6	EUB	130421	140421	150421	ABYA	YA		15	NS	H7	41	45	T6	EUB198	33	M
EUB199	AI/79	rack5	7	2	FALSE	FALSE	8	EUB	260421	270421	290421	ABYA	ZL		16	COV	H9	57	61	T6	EUB199	22	M
EUB199	AI/79	rack5	7	2	FALSE	FALSE	8	EUB	260421	270421	290421	ABYA	ZL		16	IAV	H9	60	64	T6	EUB199	22	M
EUB199	AI/79	rack5	7	2	FALSE	FALSE	8	EUB	260421	270421	290421	ABYA	ZL		16	NS	H9	58	62	T6	EUB199	22	M
EUB202	AI/87	rack2	2	6	TRUE	FALSE	2	EUB	60421	70421	80421	ABYA	MO		16	COV	H9	9	13	T6	EUB202	33	M
EUB202	AI/87	rack2	2	6	TRUE	FALSE	2	EUB	60421	70421	80421	ABYA	MO		16	IAV	H9	12	16	T6	EUB202	33	M
EUB202	AI/87	rack2	2	6	TRUE	FALSE	2	EUB	60421	70421	80421	ABYA	MO		16	NS	H9	10	14	T6	EUB202	33	M
EUB204	AI/79	rack5	4	5	TRUE	FALSE	6	EUB	130421	140421	150421	ABYA	YA		16	COV	H9	41	45	T6	EUB204	35	M
EUB204	AI/79	rack5	4	5	TRUE	FALSE	6	EUB	130421	140421	150421	ABYA	YA		16	IAV	H9	44	48	T6	EUB204	35	M
EUB204	AI/79	rack5	4	5	TRUE	FALSE	6	EUB	130421	140421	150421	ABYA	YA		16	NS	H9	42	46	T6	EUB204	35	M
F1	Buffy	Buffy	13	1	FALSE	FALSE	13	ASH	180521	190521	200521	ABYA	YA		4	COV	B7	100	104	T6	ASH058	34	M
F1	Buffy	Buffy	13	1	FALSE	FALSE	13	ASH	180521	190521	200521	ABYA	YA		4	IAV	B7	99	103	T6	ASH058	34	M
F1	Buffy	Buffy	13	1	FALSE	FALSE	13	ASH	180521	190521	200521	ABYA	YA		4	NS	B7	97	101	T6	ASH058	34	M
F2	Buffy	Buffy	13	1	FALSE	FALSE	13	ASH	180521	190521	200521	ABYA	YA		5	COV	B9	97	101	T6	ASH059	21	M
F2	Buffy	Buffy	13	1	FALSE	FALSE	13	ASH	180521	190521	200521	ABYA	YA		5	IAV	B9	100	104	T6	ASH059	21	M
F2	Buffy	Buffy	13	1	FALSE	FALSE	13	ASH	180521	190521	200521	ABYA	YA		5	NS	B9	98	102	T6	ASH059	21	M
F3	Buffy	Buffy	11	1	FALSE	FALSE	12	ASH	100521	110521	130521	ABYA	YA		2	COV	D9	89	93	T6	ASH060	23	F
F3	Buffy	Buffy	11	1	FALSE	FALSE	12	ASH	100521	110521	130521	ABYA	YA		2	IAV	D9	92	96	T6	ASH060	23	F
F3	Buffy	Buffy	11	1	FALSE	FALSE	12	ASH	100521	110521	130521	ABYA	YA		2	NS	D9	90	94	T6	ASH060	23	F
SV10	Buffy	Buffy	10	1	FALSE	FALSE	10	ASH	40521	50521	60521	ABYA	YA		8	COV	D9	73	77	T6	ASH065	45	F
SV10	Buffy	Buffy	10	1	FALSE	FALSE	10	ASH	40521	50521	60521	ABYA	YA		8	IAV	D9	76	80	T6	ASH065	45	F
SV10	Buffy	Buffy	10	1	FALSE	FALSE	10	ASH	40521	50521	60521	ABYA	YA		8	NS	D9	74	78	T6	ASH065	45	F
SV12	Buffy	Buffy	11	1	FALSE	FALSE	12	ASH	100521	110521	130521	ABYA	YA		5	COV	B9	89	93	T6	ASH066	21	F
SV12	Buffy	Buffy	11	1	FALSE	FALSE	12	ASH	100521	110521	130521	ABYA	YA		5	IAV	B9	92	96	T6	ASH066	21	F
SV12	Buffy	Buffy	11	1	FALSE	FALSE	12	ASH	100521	110521	130521	ABYA	YA		5	NS	B9	90	94	T6	ASH066	21	F
SV14	Buffy	Buffy	11	1	FALSE	FALSE	12	ASH	100521	110521	130521	ABYA	YA		6	COV	D3	90	94	T6	ASH067	39	M
SV14	Buffy	Buffy	11	1	FALSE	FALSE	12	ASH	100521	110521	130521	ABYA	YA		6	IAV	D3	89	93	T6	ASH067	39	M
SV14	Buffy	Buffy	11	1	FALSE	FALSE	12	ASH	100521	110521	130521	ABYA	YA		6	NS	D3	91	95	T6	ASH067	39	M
SV15	Buffy	Buffy	13	2	FALSE	FALSE	13	ASH	180521	190521	200521	ABYA	YA		2	COV	B5	99	103	T6	ASH068	36	M
SV15	Buffy	Buffy	13	2	FALSE	FALSE	13	ASH	180521	190521	200521	ABYA	YA		2	IAV	B5	98	102	T6	ASH068	36	M
SV15	Buffy	Buffy	13	2	FALSE	FALSE	13	ASH	180521	190521	200521	ABYA	YA		2	NS	B5	100	104	T6	ASH068	36	M
SV16	Buffy	Buffy	11	1	FALSE	FALSE	12	ASH	100521	110521	130521	ABYA	YA		7	COV	D5	91	95	T6	ASH069	28	F
SV16	Buffy	Buffy	11	1	FALSE	FALSE	12	ASH	100521	110521	130521	ABYA	YA		7	IAV	D5	90	94	T6	ASH069	28	F
SV16	Buffy	Buffy	11	1	FALSE	FALSE	12	ASH	100521	110521	130521	ABYA	YA		7	NS	D5	92	96	T6	ASH069	28	F
SV17	Buffy	Buffy	13	2	FALSE	FALSE	13	ASH	180521	190521	200521	ABYA	YA		3	COV	D3	98	102	T6	ASH070	26	M
SV17	Buffy	Buffy	13	2	FALSE	FALSE	13	ASH	180521	190521	200521	ABYA	YA		3	IAV	D3	97	101	T6	ASH070	26	M
SV17	Buffy	Buffy	13	2	FALSE	FALSE	13	ASH	180521	190521	200521	ABYA	YA		3	NS	D3	99	103	T6	ASH070	26	M
SV19	Buffy	Buffy	11	1	FALSE	FALSE	12	ASH	100521	110521	130521	ABYA	YA		8	COV	D7	92	96	T6	ASH071	32	F
SV19	Buffy	Buffy	11	1	FALSE	FALSE	12	ASH	100521	110521	130521	ABYA	YA		8	IAV	D7	91	95	T6	ASH071	32	F
SV19	Buffy	Buffy	11	1	FALSE	FALSE	12	ASH	100521	110521	130521	ABYA	YA		8	NS	D7	89	93	T6	ASH071	32	F
SV2	Buffy	Buffy	11	1	FALSE	FALSE	12	ASH	100521	110521	130521	ABYA	YA		3	COV				T6	ASH061	50	M
SV2	Buffy	Buffy	11	1	FALSE	FALSE	12	ASH	100521	110521	130521	ABYA	YA		3	IAV				T6	ASH061	50	M
SV2	Buffy	Buffy	11	1	FALSE	FALSE	12	ASH	100521	110521	130521	ABYA	YA		3	NS				T6	ASH061	50	M
SV3	Buffy	Buffy	11	1	FALSE	FALSE	12	ASH	100521	110521	130521	ABYA	YA		4	COV	B7	92	96	T6	ASH062	24	M
SV3	Buffy	Buffy	11	1	FALSE	FALSE	12	ASH	100521	110521	130521	ABYA	YA		4	IAV	B7	91	95	T6	ASH062	24	M
SV3	Buffy	Buffy	11	1	FALSE	FALSE	12	ASH	100521	110521	130521	ABYA	YA		4	NS	B7	89	93	T6	ASH062	24	M
SV8	Buffy	Buffy	10	1	FALSE	FALSE	10	ASH	40521	50521	60521	ABYA	YA		6	COV	D5	75	79	T6	ASH063	30	F
SV8	Buffy	Buffy	10	1	FALSE	FALSE	10	ASH	40521	50521	60521	ABYA	YA		6	IAV	D5	74	78	T6	ASH063	30	F
SV8	Buffy	Buffy	10	1	FALSE	FALSE	10	ASH	40521	50521	60521	ABYA	YA		6	NS	D5	76	80	T6	ASH063	30	F
SV9	Buffy	Buffy	10	1	FALSE	FALSE	10	ASH	40521	50521	60521	ABYA	YA		7	COV	D7	76	80	T6	ASH064	21	F
SV9	Buffy	Buffy	10	1	FALSE	FALSE	10	ASH	40521	50521	60521	ABYA	YA		7	IAV	D7	75	79	T6	ASH064	21	F
SV9	Buffy	Buffy	10	1	FALSE	FALSE	10	ASH	40521	50521	60521	ABYA	YA		7	NS	D7	73	77	T6	ASH064	21	F
